Fund,Category,Fund_Manager,Avg_Return,Exception_Flag
Motilal Oswal Business Cycle Fund Reg(G),EQ-THEM,Ajay Khandelwal,6.805,HIGH EXCEPTION
WOC Digital Bharat Fund Reg(G),EQ-TECH,Ramesh Mantri,5.775,HIGH EXCEPTION
Mirae Asset NYSE FANG+ETF FoF Reg(G),FOF-OVR,Ekta Gala,5.253,HIGH EXCEPTION
Motilal Oswal Nifty MidSmall Healthcare Index Fund Reg(G),EQ-INDX,Swapnil P Mayekar,4.86,HIGH EXCEPTION
Motilal Oswal Nifty MidSmall India Consumption Index Fund Reg(G),EQ-INDX,Swapnil P Mayekar,4.73,HIGH EXCEPTION
Motilal Oswal Multi Cap Fund Reg(G),EQ-MLC,Ajay Khandelwal,4.56,HIGH EXCEPTION
Mirae Asset S&P 500 Top 50 ETF FoF Reg(G),FOF-OVR,Ekta Gala,4.534,HIGH EXCEPTION
Mirae Asset Hang Seng TECH ETF FoF Reg(G),FOF-OVR,Ekta Gala,4.218999999999999,HIGH EXCEPTION
Motilal Oswal Nasdaq 100 FOF Reg(G),FOF-OVR,Swapnil P Mayekar,4.165000000000001,HIGH EXCEPTION
TRUSTMF Small Cap Fund Reg(G),EQ-SML,Mihir Vora,4.16,HIGH EXCEPTION
Motilal Oswal Midcap Fund Reg(G),EQ-MID,Niket Shah,4.0120000000000005,HIGH EXCEPTION
Tata Nifty Capital Markets Index Fund Reg(G),EQ-INDX,Kapil Menon,4.01,HIGH EXCEPTION
Mirae Asset Hang Seng TECH ETF,EQ-ETF,Siddharth Srivastava,3.6000000000000005,HIGH EXCEPTION
Motilal Oswal Small Cap Fund Reg(G),EQ-SML,Ajay Khandelwal,3.5189999999999997,HIGH EXCEPTION
DSP World Gold FoF Reg(G),FOF-OVR,Jay Kothari,3.3809999999999993,NORMAL
Motilal Oswal Large & Midcap Fund Reg(G),EQ-L&M,Ajay Khandelwal,3.353,NORMAL
Motilal Oswal ELSS Tax Saver Fund Reg(G),EQ-ELSS,Ajay Khandelwal,3.3050000000000006,NORMAL
HDFC Pharma and Healthcare Fund Reg(G),EQ-PHRM,Nikhil Mathur,3.2969999999999997,NORMAL
Bandhan Innovation Fund Reg(G),EQ-THEM,Manish Gunwani,3.28,NORMAL
Motilal Oswal Manufacturing Fund Reg(G),EQ-THEM,Ajay Khandelwal,3.2675,NORMAL
LIC MF Infra Fund Reg(G),EQ-INFRA,Yogesh Patil,3.2600000000000002,NORMAL
Tata Nifty MidSmall Healthcare Index Fund Reg(G),EQ-INDX,Kapil Menon,3.2499999999999996,NORMAL
Motilal Oswal Flexi Cap Fund Reg(G),EQ-FLEX,Niket Shah,3.2270000000000003,NORMAL
Mirae Asset NYSE FANG+ ETF,EQ-ETF,Siddharth Srivastava,3.224,NORMAL
Invesco India Midcap Fund(G),EQ-MID,Aditya Khemani,3.118,NORMAL
SBI Magnum Childrens Benefit Fund Investment Plan Reg(G),HY-SOL,R. Srinivasan,3.1159999999999997,NORMAL
WOC Pharma and Healthcare Fund Reg(G),EQ-PHRM,Ramesh Mantri,3.096,NORMAL
HDFC Defence Fund Reg(G),EQ-THEM,Abhishek Poddar,3.0779999999999994,NORMAL
Bandhan Small Cap Fund Reg(G),EQ-SML,Manish Gunwani,3.05,NORMAL
Union Innovation & Opp Fund Reg(G),EQ-THEM,Gaurav Chopra,3.001,NORMAL
Kotak Technology Fund Reg(G),EQ-TECH,Shibani Kurian,2.996666666666667,NORMAL
ICICI Pru Pharma Healthcare & Diagnostics (P.H.D) Fund (G),EQ-PHRM,Dharmesh Kakkad,2.987,NORMAL
Motilal Oswal Digital India Fund Reg(G),EQ-TECH,Varun Sharma,2.98,NORMAL
LIC MF Small Cap Fund(G),EQ-SML,Nikhil Rungta,2.954,NORMAL
Nippon India ETF Hang Seng BeES,EQ-ETF,Kinjal Desai,2.8820000000000006,NORMAL
Invesco India Smallcap Fund Reg(G),EQ-SML,Taher Badshah,2.8449999999999998,NORMAL
Edelweiss Mid Cap Fund Reg(G),EQ-MID,Trideep Bhattacharya,2.821,NORMAL
UTI Healthcare Fund Reg(G),EQ-PHRM,Kamal Gada,2.816,NORMAL
Kotak Emerging Equity Fund(G),EQ-MID,Atul Bhole,2.786,NORMAL
Invesco India Focused Fund Reg(G),EQ-FLEX,Taher Badshah,2.773,NORMAL
HSBC Midcap Fund Reg(G),EQ-MID,Cheenu Gupta,2.7729999999999997,NORMAL
HSBC Large & Mid Cap Fund Reg(G),EQ-L&M,Cheenu Gupta,2.7340000000000004,NORMAL
LIC MF Healthcare Fund Reg(G),EQ-PHRM,Karan Doshi,2.6790000000000003,NORMAL
ITI Pharma & Healthcare Fund Reg(G),EQ-PHRM,Rohan Korde,2.679,NORMAL
Motilal Oswal Large Cap Fund Reg(G),EQ-LC,Ajay Khandelwal,2.664,NORMAL
Motilal Oswal BSE Healthcare ETF,EQ-ETF,Swapnil P Mayekar,2.6529999999999996,NORMAL
Bank of India Small Cap Fund Reg(G),EQ-SML,Alok Singh,2.6239999999999997,NORMAL
Bandhan Midcap Fund Reg(G),EQ-MID,Ritu Modi,2.6050000000000004,NORMAL
Invesco India Large & Mid Cap Fund(G),EQ-L&M,Aditya Khemani,2.604,NORMAL
Mirae Asset Healthcare Fund Reg(G),EQ-PHRM,Vrijesh Kasera,2.5789999999999997,NORMAL
Canara Rob Infrastructure Fund Reg(G),EQ-INFRA,Vishal Mishra,2.5680000000000005,NORMAL
Tata Silver ETF,GOLD-ETF,Tapan Patel,2.562,NORMAL
JM Midcap Fund Reg(G),EQ-MID,Satish Ramanathan,2.5450000000000004,NORMAL
Kotak Consumption Fund Reg(G),EQ-CONS,Devender Singhal,2.543,NORMAL
LIC MF Multi Cap Fund Reg(G),EQ-MLC,Dikshit Mittal,2.537,NORMAL
DSP Healthcare Fund Reg(G),EQ-PHRM,Chirag Dagli,2.5330000000000004,NORMAL
Baroda BNP Paribas Innovation Fund Reg(G),EQ-THEM,Pratish Krishnan,2.5288888888888885,NORMAL
UTI Small Cap Fund Reg(G),EQ-SML,Ankit Agarwal,2.503,NORMAL
Tata India Consumer Fund Reg(G),EQ-CONS,Sonam Udasi,2.5010000000000003,NORMAL
Franklin India Prima Fund(G),EQ-MID,R. Janakiraman,2.496,NORMAL
Invesco India Flexi Cap Fund Reg(G),EQ-FLEX,Amit Ganatra,2.4939999999999998,NORMAL
Motilal Oswal Nifty Smallcap 250 ETF,EQ-ETF,Swapnil P Mayekar,2.4933333333333336,NORMAL
Edelweiss Technology Fund Reg(G),EQ-TECH,Sumanta Khan,2.491111111111111,NORMAL
SBI Healthcare Opp Fund Reg(G),EQ-PHRM,Tanmaya Desai,2.4869999999999997,NORMAL
Tata Small Cap Fund Reg(G),EQ-SML,Chandraprakash Padiyar,2.4840000000000004,NORMAL
Franklin India Opportunities Fund(G),EQ-THEM,R. Janakiraman,2.4839999999999995,NORMAL
Tata India Pharma & Healthcare Fund Reg(G),EQ-PHRM,Meeta Shetty,2.462,NORMAL
Bandhan Focused Equity Fund Reg(G),EQ-MLC,Manish Gunwani,2.461,NORMAL
LIC MF Midcap Fund(G),EQ-MID,Karan Doshi,2.45,NORMAL
WOC Mid Cap Fund Reg(G),EQ-MID,Ramesh Mantri,2.4370000000000003,NORMAL
ITI Small Cap Fund Reg(G),EQ-SML,Dhimant Shah,2.434,NORMAL
Kotak Healthcare Fund Reg(G),EQ-PHRM,Shibani Kurian,2.425,NORMAL
HSBC ELSS Tax saver Fund Reg(G),EQ-ELSS,Abhishek Gupta,2.4240000000000004,NORMAL
Invesco India   Invesco Global Consumer Trends FoF Reg(G),FOF-OVR,Herin Shah,2.4230000000000005,NORMAL
Sundaram Mid Cap Fund Reg(G),EQ-MID,S. Bharath,2.409,NORMAL
HDFC Silver ETF,GOLD-ETF,Bhagyesh Kagalkar,2.4,NORMAL
Nippon India Growth Fund(G),EQ-MID,Rupesh Patel,2.3939999999999997,NORMAL
Tata Nifty India Digital ETF,EQ-ETF,Kapil Menon,2.389,NORMAL
TRUSTMF Flexi Cap Fund Reg(G),EQ-FLEX,Mihir Vora,2.375,NORMAL
HDFC Technology Fund Reg(G),EQ-TECH,Balakumar B,2.373,NORMAL
ICICI Pru Nifty Healthcare ETF,EQ-ETF,Nishit Patel,2.366,NORMAL
Invesco India Multicap Fund(G),EQ-MLC,Dhimant Kothari,2.3649999999999998,NORMAL
DSP Nifty Healthcare ETF,EQ-PHRM,Anil Ghelani,2.364,NORMAL
Aditya Birla SL Nifty Healthcare ETF,EQ-ETF,Priya Sridhar,2.36,NORMAL
Axis Midcap Fund Reg(G),EQ-MID,Shreyash Devalkar,2.351,NORMAL
Axis NIFTY Healthcare ETF,EQ-ETF,Karthik Kumar,2.35,NORMAL
HSBC Consumption Fund Reg(G),EQ-CONS,Gautam Bhupal,2.348,NORMAL
UTI Silver ETF FoF Reg(G),FOF-DOM,Sharwan Kumar Goyal,2.3400000000000003,NORMAL
Kotak Small Cap Fund(G),EQ-SML,Harish Bihani,2.34,NORMAL
Aditya Birla SL Silver ETF,GOLD-ETF,Sachin Wankhede,2.335,NORMAL
ICICI Pru Silver ETF,GOLD-ETF,Gaurav Chikane,2.332,NORMAL
Kotak Silver ETF,GOLD-ETF,Jeetu Valechha Sonar,2.328,NORMAL
Axis Silver ETF,GOLD-ETF,Aditya Pagaria,2.3229999999999995,NORMAL
DSP Silver ETF,GOLD-ETF,Ravi Gehani,2.317,NORMAL
Axis Multicap Fund Reg(G),EQ-MLC,Shreyash Devalkar,2.3120000000000003,NORMAL
Nippon India Silver ETF,GOLD-ETF,Vikram Dhawan,2.312,NORMAL
Mirae Asset Silver ETF,GOLD-ETF,Ritesh Patel,2.3110000000000004,NORMAL
Edelweiss Silver ETF,GOLD-ETF,Amit Vora,2.306,NORMAL
Kotak Business Cycle Fund Reg(G),EQ-THEM,Harish Bihani,2.3039999999999994,NORMAL
HSBC Business Cycles Fund Reg(G),EQ-THEM,Gautam Bhupal,2.302,NORMAL
Mirae Asset S&P 500 Top 50 ETF,EQ-ETF,Siddharth Srivastava,2.3009999999999997,NORMAL
HSBC Tax Saver Equity Fund(G),EQ-ELSS,Gautam Bhupal,2.285,NORMAL
HSBC Small Cap Fund Reg(G),EQ-SML,Venugopal Manghat,2.284,NORMAL
UTI Silver ETF,GOLD-ETF,Niranjan Das,2.284,NORMAL
DSP Midcap Fund Reg(G),EQ-MID,Vinit Sambre,2.271,NORMAL
Tata Nifty India Digital ETF FoF Reg(G),FOF-DOM,Meeta Shetty,2.261,NORMAL
HDFC Silver ETF FoF Reg(G),GOLD-MF,Nirman Morakhia,2.2589999999999995,NORMAL
ICICI Pru Silver ETF FOF(G),FOF-DOM,Manish Banthia,2.2560000000000002,NORMAL
Aditya Birla SL Silver ETF FOF Reg(G),FOF-DOM,Priya Sridhar,2.25,NORMAL
Nippon India Silver ETF FOF Reg(G),FOF-DOM,Himanshu Mange,2.2479999999999998,NORMAL
Axis Silver FoF Reg(G),GOLD-MF,Aditya Pagaria,2.247,NORMAL
DSP India T.I.G.E.R Fund Reg(G),EQ-INFRA,Charanjit Singh,2.243,NORMAL
Canara Rob Manufacturing Fund Reg(G),EQ-THEM,Pranav Gokhale,2.2399999999999998,NORMAL
ICICI Pru BSE Midcap Select ETF,EQ-ETF,Nishit Patel,2.239,NORMAL
LIC MF Large & Midcap Fund Reg(G),EQ-L&M,Yogesh Patil,2.239,NORMAL
Baroda BNP Paribas Multi Cap Fund Reg(G),EQ-MLC,Sanjay Chawla,2.2359999999999998,NORMAL
Kotak Infra & Eco Reform Fund(G),EQ-INFRA,Nalin Rasik Bhatt,2.2159999999999997,NORMAL
Motilal Oswal Nifty Microcap 250 Index Fund Reg(G),EQ-INDX,Swapnil P Mayekar,2.21,NORMAL
Nippon India Nifty Pharma ETF,EQ-ETF,Himanshu Mange,2.21,NORMAL
DSP Small Cap Fund Reg(G),EQ-SML,Vinit Sambre,2.2090000000000005,NORMAL
Invesco India Contra Fund(G),EQ-VAL,Taher Badshah,2.209,NORMAL
Kotak Silver ETF FoF Reg(G),GOLD-MF,Jeetu Valechha Sonar,2.2089999999999996,NORMAL
Bandhan Infrastructure Fund Reg(G),EQ-INFRA,Vishal Biraia,2.2039999999999997,NORMAL
WOC ELSS Tax Saver Fund Reg(G),EQ-ELSS,Ramesh Mantri,2.1919999999999997,NORMAL
LIC MF Value Fund Reg(G),EQ-VAL,Nikhil Rungta,2.184,NORMAL
Axis India Manufacturing Fund Reg(G),EQ-THEM,Shreyash Devalkar,2.1719999999999997,NORMAL
Motilal Oswal Nifty MidSmall IT and Telecom Index Fund Reg(G),EQ-INDX,Swapnil P Mayekar,2.17,NORMAL
Union Midcap Fund Reg(G),EQ-MID,Gaurav Chopra,2.1620000000000004,NORMAL
Canara Rob Emerg Equities Fund Reg(G),EQ-L&M,Amit Nadekar,2.1550000000000002,NORMAL
Tata Digital India Fund Reg(G),EQ-TECH,Meeta Shetty,2.154,NORMAL
SBI Technology Opp Fund Reg(G),EQ-TECH,Vivek Gedda,2.153,NORMAL
Tata Silver ETF FoF Reg(G),FOF-DOM,Tapan Patel,2.153,NORMAL
Edelweiss Small Cap Fund Reg(G),EQ-SML,Trideep Bhattacharya,2.1439999999999997,NORMAL
Axis Innovation Fund Reg(G),EQ-THEM,Ashish Naik,2.141,NORMAL
360 ONE Flexicap Fund Reg(G),EQ-FLEX,Mayur Patel,2.1409999999999996,NORMAL
Nippon India Small Cap Fund(G),EQ-SML,Samir Rachh,2.13,NORMAL
Union Small Cap Fund Reg(G),EQ-SML,Pratik Dharmshi,2.128,NORMAL
HSBC Infrastructure Fund Reg(G),EQ-INFRA,Venugopal Manghat,2.124,NORMAL
Kotak Pioneer Fund Reg(G),EQ-THEM,Harish Bihani,2.1220000000000003,NORMAL
Invesco India Infrastructure Fund(G),EQ-INFRA,Amit Nigam,2.121,NORMAL
Nippon India Pharma Fund(G),EQ-PHRM,Sailesh Raj Bhan,2.116,NORMAL
SBI Multicap Fund Reg(G),EQ-MLC,R. Srinivasan,2.114,NORMAL
Edelweiss Gold and Silver ETF FoF Reg(G),FOF-DOM,Bhavesh Jain,2.111,NORMAL
LIC MF Gold ETF,GOLD-ETF,Sumit Bhatnagar,2.1100000000000003,NORMAL
ICICI Pru Nifty Pharma Index Fund Reg(G),EQ-PHRM,Nishit Patel,2.11,NORMAL
Quant Commodities Fund Reg(G),EQ-THEM,Ankit Pande,2.1090000000000004,NORMAL
SBI Consumption Opp Fund Reg(G),EQ-CONS,Ashit Desai,2.104,NORMAL
WOC Multi Cap Fund Reg(G),EQ-MLC,Ramesh Mantri,2.102,NORMAL
Edelweiss Nifty Midcap150 Momentum 50 Index Fund Reg(G),EQ-INDX,Bhavesh Jain,2.098,NORMAL
Edelweiss Recently Listed IPO Fund Reg(G),EQ-THEM,Bhavesh Jain,2.0949999999999998,NORMAL
JM Flexicap Fund Reg(G),EQ-FLEX,Satish Ramanathan,2.087,NORMAL
DSP Nifty Smallcap250 Quality 50 Index Fund Reg(G),EQ-INDX,Anil Ghelani,2.0869999999999997,NORMAL
UTI Gold ETF,GOLD-ETF,Niranjan Das,2.0850000000000004,NORMAL
Aditya Birla SL NASDAQ 100 FOF Reg(G),FOF-OVR,Dhaval Joshi,2.085,NORMAL
Mahindra Manulife Small Cap Fund Reg(G),EQ-SML,Vishal Jajoo,2.0839999999999996,NORMAL
Sundaram Consumption Fund(G),EQ-CONS,Ratish Varier,2.0769999999999995,NORMAL
Axis NASDAQ 100 FoF Reg(G),FOF-OVR,Krishnaa N,2.0759999999999996,NORMAL
Edelweiss Multi Cap Fund Reg(G),EQ-MLC,Trideep Bhattacharya,2.073,NORMAL
UTI Large & Mid Cap Fund Reg(G),EQ-L&M,V. Srivatsa,2.0639999999999996,NORMAL
LIC MF ELSS Tax Saver Reg(G),EQ-ELSS,Yogesh Patil,2.0629999999999997,NORMAL
Invesco India   Invesco EQQQ NASDAQ 100 ETF FoF Reg(G),FOF-OVR,Herin Shah,2.06,NORMAL
Tata Gold ETF,GOLD-ETF,Tapan Patel,2.057,NORMAL
Mahindra Manulife Mid Cap Fund Reg(G),EQ-MID,Kirti Dalvi,2.056,NORMAL
LIC MF Dividend Yield Fund Reg(G),EQ-DIV,Dikshit Mittal,2.0460000000000003,NORMAL
Motilal Oswal Gold and Silver ETFs FoF Reg(G),GOLD-MF,Bhalchandra Shinde,2.0460000000000003,NORMAL
ICICI Pru Regular Gold Savings Fund(FOF)(G),GOLD-MF,Manish Banthia,2.0449999999999995,NORMAL
Aditya Birla SL Nifty Smallcap 50 Index Fund Reg(G),EQ-INDX,Priya Sridhar,2.043,NORMAL
UTI Gold ETF FoF Reg(G),GOLD-MF,Sharwan Kumar Goyal,2.043,NORMAL
SBI Gold Reg(G),GOLD-MF,Raviprakash Sharma,2.0420000000000003,NORMAL
Axis Gold ETF,GOLD-ETF,Aditya Pagaria,2.042,NORMAL
HDFC Gold ETF FoF(G),GOLD-MF,Nirman Morakhia,2.04,NORMAL
ICICI Pru Gold ETF,GOLD-ETF,Gaurav Chikane,2.039,NORMAL
Kotak Gold ETF,GOLD-ETF,Abhishek Bisen,2.036,NORMAL
Aditya Birla SL Gold Fund(G),GOLD-MF,Priya Sridhar,2.034,NORMAL
Mirae Asset Gold ETF,GOLD-ETF,Ritesh Patel,2.034,NORMAL
Aditya Birla SL Gold ETF,GOLD-ETF,Sachin Wankhede,2.033,NORMAL
Zerodha Gold ETF,GOLD-ETF,Shyam Agarwal,2.0320000000000005,NORMAL
Invesco India Gold ETF,GOLD-ETF,Herin Shah,2.032,NORMAL
Canara Rob Mid Cap Fund Reg(G),EQ-MID,Pranav Gokhale,2.032,NORMAL
SBI Gold ETF,GOLD-ETF,Vandna Soni,2.0319999999999996,NORMAL
Axis Nifty Smallcap 50 Index Fund Reg(G),EQ-INDX,Karthik Kumar,2.027,NORMAL
Nippon India ETF Gold BeES,GOLD-ETF,Vikram Dhawan,2.025,NORMAL
Quantum Gold Saving Fund Reg(G),GOLD-MF,Chirag Mehta,2.025,NORMAL
HDFC Gold ETF,GOLD-ETF,Bhagyesh Kagalkar,2.0249999999999995,NORMAL
Edelweiss Gold ETF,GOLD-ETF,Amit Vora,2.023,NORMAL
Tata Retirement Sav Fund   Prog Plan(G),HY-SOL,Sonam Udasi,2.023,NORMAL
DSP Gold ETF,GOLD-ETF,Ravi Gehani,2.0220000000000002,NORMAL
Aditya Birla SL Mfg. Equity Fund Reg(G),EQ-CONS,Harish krishnan,2.02,NORMAL
Kotak NASDAQ 100 FoF Reg(G),FOF-OVR,Arjun Khanna,2.0159999999999996,NORMAL
Tata Nifty Midcap 150 Momentum 50 Index Fund Reg(G),EQ-INDX,Kapil Menon,2.0130000000000003,NORMAL
Kotak Nifty Smallcap 50 Index Fund Reg(G),EQ-INDX,Devender Singhal,2.013,NORMAL
Baroda BNP Paribas Gold ETF,GOLD-ETF,Gurvinder Singh Wasan,2.011,NORMAL
Aditya Birla SL Midcap Fund(G),EQ-MID,Vishal Gajwani,2.009,NORMAL
Kotak Gold Fund(G),GOLD-MF,Abhishek Bisen,2.009,NORMAL
Nippon India Gold Savings Fund(G),GOLD-MF,Himanshu Mange,2.008,NORMAL
Axis Gold Fund Reg(G),GOLD-MF,Aditya Pagaria,2.007,NORMAL
Invesco India Aggressive Hybrid Fund Reg(G),HY-EQ,Dhimant Kothari,2.007,NORMAL
HDFC Mid Cap Opportunities Fund(G),EQ-MID,Chirag Setalvad,2.002,NORMAL
Quantum Gold Fund ETF,GOLD-ETF,Chirag Mehta,2.0,NORMAL
Invesco India Gold ETF FoF(G),GOLD-MF,Herin Shah,2.0,NORMAL
UTI Value Fund Reg(G),EQ-VAL,Amit Premchandani,1.999,NORMAL
Aditya Birla SL Pharma & Healthcare Fund Reg(G),EQ-PHRM,Dhaval Shah,1.9989999999999994,NORMAL
Helios Flexi Cap Fund Reg(G),EQ-FLEX,Alok Bahl,1.9950000000000003,NORMAL
LIC MF Gold ETF FoF(G),GOLD-MF,Sumit Bhatnagar,1.9909999999999997,NORMAL
HSBC Multi Asset Allocation Fund Reg(G),HY-MULTI,Cheenu Gupta,1.9899999999999998,NORMAL
Axis Value Fund Reg(G),EQ-VAL,Nitin Arora,1.9890000000000003,NORMAL
JM ELSS Tax Saver Fund(G),EQ-ELSS,Chaitanya Choksi,1.9829999999999999,NORMAL
Invesco India Technology Fund Reg(G),EQ-TECH,Hiten Jain,1.9733333333333334,NORMAL
Axis Small Cap Fund Reg(G),EQ-SML,Tejas Sheth,1.9629999999999999,NORMAL
Kotak Nifty Alpha 50 ETF,EQ-ETF,Devender Singhal,1.9620000000000002,NORMAL
Bajaj Finserv Flexi Cap Fund Reg(G),EQ-FLEX,Nimesh Chandan,1.9600000000000002,NORMAL
Canara Rob Multi Cap Fund Reg(G),EQ-MLC,Shridatta Bhandwaldar,1.954,NORMAL
Bandhan US Equity FoF Reg(G),FOF-OVR,Ritika Behera,1.9449999999999996,NORMAL
Bandhan US Equity FoF Reg(IDCW),FOF-OVR,Ritika Behera,1.9449999999999996,NORMAL
Baroda BNP Paribas Mid Cap Fund Reg(G),EQ-MID,Shiv Chanani,1.94,NORMAL
Motilal Oswal NASDAQ Q 50 ETF,EQ-ETF,Sunil Sawant,1.935,NORMAL
UTI Mid Cap Fund Reg(G),EQ-MID,Ankit Agarwal,1.9349999999999998,NORMAL
Navi NASDAQ 100 FoF Reg(G),FOF-OVR,Aditya Mulki,1.9349999999999998,NORMAL
DSP Gold ETF FoF Reg(G),GOLD-MF,Anil Ghelani,1.9340000000000004,NORMAL
WOC Special Opp Fund Reg(G),EQ-THEM,Dheeresh Pathak,1.9333333333333333,NORMAL
Baroda BNP Paribas India Consumption Fund Reg(G),EQ-CONS,Shiv Chanani,1.9300000000000002,NORMAL
Invesco India ELSS Tax Saver Fund(G),EQ-ELSS,Amit Nigam,1.9269999999999996,NORMAL
Nippon India Vision Fund(G),EQ-L&M,Amar Kalkundrikar,1.923,NORMAL
Nippon India Multi Cap Fund(G),EQ-MLC,Sailesh Raj Bhan,1.922,NORMAL
DSP Multicap Fund Reg(G),EQ-MLC,Chirag Dagli,1.921,NORMAL
Canara Rob Small Cap Fund Reg(G),EQ-SML,Pranav Gokhale,1.9209999999999998,NORMAL
Baroda BNP Paribas ELSS Tax Saver Fund Reg(G),EQ-ELSS,Sanjay Chawla,1.9180000000000004,NORMAL
Bandhan Core Equity Fund Reg(G),EQ-L&M,Manish Gunwani,1.918,NORMAL
Motilal Oswal Nasdaq 100 ETF,EQ-ETF,Sunil Sawant,1.9140000000000001,NORMAL
HSBC Flexi Cap Fund Reg(G),EQ-FLEX,Abhishek Gupta,1.909,NORMAL
Tata Gold ETF FoF Reg(G),FOF-DOM,Tapan Patel,1.909,NORMAL
ICICI Pru NASDAQ 100 Index Fund(G),EQ-INTL,Sharmila Dmello,1.907,NORMAL
Edelweiss Flexi Cap Fund Reg(G),EQ-FLEX,Trideep Bhattacharya,1.904,NORMAL
Aditya Birla SL ESG Integration Strategy Fund Reg(G),EQ-THEM,Chanchal Khandelwal,1.8939999999999997,NORMAL
WOC Large & Mid Cap Fund Reg(G),EQ-L&M,Ramesh Mantri,1.893,NORMAL
Edelweiss Large & Mid Cap Fund Reg(G),EQ-L&M,Sumanta Khan,1.887,NORMAL
Motilal Oswal Nifty Realty ETF,EQ-ETF,Swapnil P Mayekar,1.8766666666666663,NORMAL
Axis Flexi Cap Fund Reg(G),EQ-FLEX,Sachin Relekar,1.875,NORMAL
Mirae Asset Global X Artificial Intelligence & Technology ETF FoF Reg(G),FOF-OVR,Siddharth Srivastava,1.874,NORMAL
Aditya Birla SL Small Cap Fund(G),EQ-SML,Abhinav Khandelwal,1.8709999999999998,NORMAL
Invesco India ESG Integration Strategy Fund Reg(G),EQ-THEM,Taher Badshah,1.8699999999999999,NORMAL
Franklin India Smaller Cos Fund(G),EQ-SML,R. Janakiraman,1.866,NORMAL
ITI Mid Cap Fund Reg(G),EQ-MID,Rohan Korde,1.863,NORMAL
WOC Flexi Cap Fund Reg(G),EQ-FLEX,Ramesh Mantri,1.859,NORMAL
Tata Retirement Sav Fund   Mod Plan(G),HY-SOL,Sonam Udasi,1.8529999999999998,NORMAL
UTI Dividend Yield Fund Reg(G),EQ-DIV,Amit Premchandani,1.848,NORMAL
Edelweiss Gr China Equity Off Shore Fund Reg(G),FOF-OVR,Bhavesh Jain,1.844,NORMAL
ICICI Pru Midcap Fund(G),EQ-MID,Lalit Kumar,1.8429999999999995,NORMAL
ICICI Pru Technology Fund(G),EQ-TECH,Vaibhav Dusad,1.8419999999999999,NORMAL
Navi US Total Stock Market FoF Reg(G),FOF-OVR,Aditya Mulki,1.841,NORMAL
HDFC NIFTY Smallcap 250 ETF,EQ-ETF,Abhishek Mor,1.839,NORMAL
HSBC Aggressive Hybrid Fund Reg(G),HY-EQ,Cheenu Gupta,1.8359999999999999,NORMAL
HDFC NIFTY Realty Index Fund Reg(G),EQ-INDX,Nirman Morakhia,1.833333333333333,NORMAL
PGIM India Midcap Opp Fund Reg(G),EQ-MID,Sharma Vivek,1.8310000000000002,NORMAL
Mirae Asset Nifty Midcap 150 ETF,EQ-ETF,Ekta Gala,1.8240000000000003,NORMAL
Axis Growth Opp Fund Reg(G),EQ-L&M,Shreyash Devalkar,1.8239999999999998,NORMAL
Bajaj Finserv Large and Mid Cap Fund Reg(G),EQ-L&M,Nimesh Chandan,1.8229999999999997,NORMAL
HDFC Non Cyclical Consumer Fund Reg(G),EQ-CONS,Amit Sinha,1.8220000000000003,NORMAL
ICICI Pru Nifty Midcap 150 ETF,EQ-ETF,Nishit Patel,1.818,NORMAL
UTI Nifty Midcap 150 ETF,EQ-ETF,Sharwan Kumar Goyal,1.818,NORMAL
HDFC NIFTY Midcap 150 ETF,EQ-ETF,Abhishek Mor,1.8130000000000002,NORMAL
Motilal Oswal Nifty Midcap 100 ETF,EQ-ETF,Swapnil P Mayekar,1.813,NORMAL
Bank of India Flexi Cap Fund Reg(G),EQ-FLEX,Alok Singh,1.8119999999999998,NORMAL
Bank of India Mid & Small Cap Equity & Debt Fund Reg(G),HY-EQ,Alok Singh,1.81,NORMAL
DSP Equity Opportunities Fund Reg(G),EQ-L&M,Rohit Singhania,1.8099999999999998,NORMAL
Nippon India ETF Nifty Midcap 150,EQ-ETF,Himanshu Mange,1.8079999999999998,NORMAL
DSP ELSS Tax Saver Fund Reg(G),EQ-ELSS,Rohit Singhania,1.807,NORMAL
Franklin India Technology Fund(G),EQ-TECH,R. Janakiraman,1.8039999999999998,NORMAL
DSP Nifty Midcap 150 Quality 50 ETF,EQ-ETF,Anil Ghelani,1.8030000000000002,NORMAL
HSBC Equity Savings Fund Reg(G),HY-EQ,Cheenu Gupta,1.8,NORMAL
Bandhan Nifty Alpha 50 Index Fund Reg(G),EQ-INDX,Nemish Sheth,1.7989999999999995,NORMAL
Edelweiss Nifty Smallcap 250 Index Fund Reg(G),EQ-INDX,Bhavesh Jain,1.7979999999999996,NORMAL
PGIM India Small Cap Fund Reg(G),EQ-SML,Utsav Mehta,1.794,NORMAL
Kotak Equity Opp Fund(G),EQ-L&M,Harsha Upadhyaya,1.7890000000000001,NORMAL
Baroda BNP Paribas Small Cap Fund Reg(G),EQ-SML,Shiv Chanani,1.7890000000000001,NORMAL
Kotak Equity Hybrid Fund(G),HY-EQ,Atul Bhole,1.784,NORMAL
Kotak Manufacture in India Fund Reg(G),EQ-THEM,Harsha Upadhyaya,1.782,NORMAL
Motilal Oswal S&P 500 Index Fund Reg(G),EQ-INTL,Sunil Sawant,1.7799999999999998,NORMAL
Union Multicap Fund Reg(G),EQ-MID,Harshad Patwardhan,1.778,NORMAL
LIC MF Nifty Midcap 100 ETF,EQ-ETF,Sumit Bhatnagar,1.777,NORMAL
Edelweiss Focused Fund Reg(G),EQ-FLEX,Trideep Bhattacharya,1.777,NORMAL
ICICI Pru Innovation Fund Reg(G),EQ-THEM,Anish Tawakley,1.7739999999999998,NORMAL
UTI India Consumer Fund Reg(G),EQ-CONS,Vishal Chopda,1.7729999999999997,NORMAL
ICICI Pru Nifty Smallcap 250 Index Fund(G),EQ-INDX,Nishit Patel,1.7720000000000002,NORMAL
Mirae Asset Nifty Smallcap 250 Momentum Quality 100 ETF FoF Reg(G),FOF-DOM,Ekta Gala,1.7711111111111109,NORMAL
Motilal Oswal Nifty Smallcap 250 Index Fund Reg(G),EQ-INDX,Swapnil P Mayekar,1.7710000000000001,NORMAL
Bandhan Nifty Smallcap 250 Index Fund Reg(G),EQ-INDX,Nemish Sheth,1.768,NORMAL
Mirae Asset Nifty IT ETF,EQ-ETF,Ekta Gala,1.7670000000000001,NORMAL
Axis Retirement Fund Dynamic Plan Reg(G),HY-SOL,Jayesh Sundar,1.767,NORMAL
SBI Nifty Smallcap 250 Index Fund Reg(G),EQ-INDX,Harsh Sethi,1.7660000000000005,NORMAL
Nippon India Nifty Smallcap 250 Index Fund Reg(G),EQ-INDX,Himanshu Mange,1.7639999999999998,NORMAL
UTI Flexi Cap Fund Reg(G),EQ-FLEX,Ajay Tyagi,1.762,NORMAL
UTI Nifty Midcap 150 Quality 50 Index Fund Reg(G),EQ-INDX,Sharwan Kumar Goyal,1.7619999999999998,NORMAL
DSP Flexi Cap Fund Reg(G),EQ-FLEX,Bhavin Gandhi,1.761,NORMAL
Sundaram Large and Mid Cap Fund(G),EQ-L&M,S. Bharath,1.7600000000000002,NORMAL
Sundaram Services Fund Reg(G),EQ-THEM,Rohit Seksaria,1.7600000000000002,NORMAL
Kotak Nifty IT ETF,EQ-ETF,Devender Singhal,1.7589999999999997,NORMAL
ICICI Pru Nifty IT ETF,EQ-ETF,Nishit Patel,1.7570000000000001,NORMAL
HDFC NIFTY Smallcap 250 Index Fund Reg(G),EQ-INDX,Nirman Morakhia,1.7569999999999997,NORMAL
Mirae Asset Nifty India Manufacturing ETF,EQ-ETF,Ekta Gala,1.7559999999999996,NORMAL
ICICI Pru Thematic Advantage Fund(FOF)(G),FOF-DOM,Sankaran Naren,1.754,NORMAL
Nippon India ETF Nifty IT,EQ-ETF,Himanshu Mange,1.7530000000000001,NORMAL
UTI Nifty IT ETF,EQ-ETF,Sharwan Kumar Goyal,1.7530000000000001,NORMAL
Motilal Oswal Nifty Midcap 150 Index Fund Reg(G),EQ-INDX,Swapnil P Mayekar,1.7530000000000001,NORMAL
HDFC NIFTY IT ETF,EQ-ETF,Abhishek Mor,1.7520000000000002,NORMAL
SBI Nifty IT ETF,EQ-ETF,Harsh Sethi,1.7510000000000006,NORMAL
Groww Nifty Smallcap 250 Index Fund Reg(G),EQ-INDX,Abhishek Jain,1.7510000000000001,NORMAL
Axis NIFTY IT ETF,EQ-ETF,Karthik Kumar,1.7499999999999996,NORMAL
Aditya Birla SL Nifty Midcap 150 Index Fund Reg(G),EQ-INDX,Priya Sridhar,1.7469999999999999,NORMAL
SBI Nifty Midcap 150 Index Fund Reg(G),EQ-INDX,Harsh Sethi,1.7459999999999998,NORMAL
DSP Nifty Midcap 150 Quality 50 Index Fund Reg(G),EQ-INDX,Anil Ghelani,1.7449999999999999,NORMAL
Old Bridge Focused Equity Fund Reg(G),EQ-FLEX,Tarang Agrawal,1.7419999999999998,NORMAL
Nippon India Nifty Midcap 150 Index Fund Reg(G),EQ-INDX,Himanshu Mange,1.741,NORMAL
UTI BSE Sensex Next 50 ETF,EQ-ETF,Sharwan Kumar Goyal,1.741,NORMAL
DSP Nifty IT ETF,EQ-ETF,Anil Ghelani,1.7400000000000007,NORMAL
ICICI Pru Nifty Midcap 150 Index Fund Reg(G),EQ-INDX,Nishit Patel,1.7399999999999998,NORMAL
Canara Rob Focused Equity Fund Reg(G),EQ-MLC,Shridatta Bhandwaldar,1.7380000000000007,NORMAL
SBI Focused Equity Fund Reg(G),EQ-MLC,R. Srinivasan,1.738,NORMAL
HDFC NIFTY Midcap 150 Index Fund Reg(G),EQ-INDX,Nirman Morakhia,1.738,NORMAL
SBI Small Cap Fund Reg(G),EQ-SML,R. Srinivasan,1.738,NORMAL
HDFC Transportation and Logistics Fund Reg(G),EQ-AUTO,Priya Ranjan,1.737,NORMAL
Canara Rob Consumer Trends Fund Reg(G),EQ-CONS,Ennettee Fernandes,1.7360000000000002,NORMAL
Aditya Birla SL Nifty IT ETF,EQ-ETF,Priya Sridhar,1.7360000000000002,NORMAL
SBI BSE Sensex Next 50 ETF,EQ-ETF,Raviprakash Sharma,1.736,NORMAL
Aditya Birla SL Multi Cap Fund Reg(G),EQ-MLC,Abhinav Khandelwal,1.736,NORMAL
Mirae Asset Great Consumer Fund Reg(G),EQ-CONS,Ankit Jain,1.7329999999999999,NORMAL
Groww Nifty Non Cyclical Consumer Index Fund Reg(G),EQ-INDX,Abhishek Jain,1.7300000000000002,NORMAL
Nippon India ETF BSE Sensex Next 50,EQ-ETF,Himanshu Mange,1.7290000000000003,NORMAL
ITI Focused Equity Fund Reg(G),EQ-FLEX,Dhimant Shah,1.7280000000000002,NORMAL
Baroda BNP Paribas Large & Mid Cap Fund Reg(G),EQ-L&M,Sanjay Chawla,1.7279999999999998,NORMAL
Navi Nifty Midcap 150 Index Fund Reg(G),EQ-INDX,Aditya Mulki,1.7260000000000002,NORMAL
HSBC Multi Cap Fund Reg(G),EQ-MLC,Venugopal Manghat,1.7260000000000002,NORMAL
Baroda BNP Paribas Flexi Cap Fund Reg(G),EQ-FLEX,Sanjay Chawla,1.716,NORMAL
ICICI Pru Focused Equity Fund(G),EQ-LC,Vaibhav Dusad,1.7120000000000002,NORMAL
Tata ELSS Tax Saver Fund Reg(G),EQ-ELSS,Tejas Gutka,1.7110000000000003,NORMAL
Edelweiss US Technology Equity FOF Reg(G),FOF-OVR,Bhavesh Jain,1.707,NORMAL
Quant Healthcare Fund Reg(G),EQ-PHRM,Sandeep Tandon,1.705,NORMAL
Bandhan Hybrid Equity Fund Reg(G),HY-EQ,Prateek Poddar,1.7049999999999996,NORMAL
HDFC Focused 30 Fund(G),EQ-MLC,Roshi Jain,1.704,NORMAL
ITI Flexi Cap Fund Reg(G),EQ-FLEX,Dhimant Shah,1.702,NORMAL
LIC MF Flexi Cap Fund Reg(G),EQ-FLEX,Nikhil Rungta,1.701,NORMAL
DSP Banking & Financial Services Fund Reg(G),EQ-FIN,Dhaval Gada,1.7,NORMAL
Bandhan Nifty IT Index Fund Reg(G),EQ-INDX,Nemish Sheth,1.6949999999999998,NORMAL
DSP Focus Fund Reg(G),EQ-MLC,Vinit Sambre,1.6949999999999998,NORMAL
Bank of India Mfg & Infra Fund Reg(G),EQ-INFRA,Nitin Gosar,1.6940000000000002,NORMAL
PGIM India Large and Mid Cap Fund(G),EQ-L&M,Vinay Paharia,1.693,NORMAL
Tata Mid Cap Growth Fund Reg(G),EQ-MID,Satish Chandra Mishra,1.6910000000000003,NORMAL
ICICI Pru Nifty IT Index Fund Reg(G),EQ-INDX,Nishit Patel,1.6909999999999996,NORMAL
Axis NIFTY IT Index Fund Reg(G),EQ-INDX,Karthik Kumar,1.6900000000000002,NORMAL
SBI Magnum Midcap Fund Reg(G),EQ-MID,Bhavin Vithlani,1.6869999999999998,NORMAL
Nippon India Nifty IT Index Fund Reg(G),EQ-INDX,Himanshu Mange,1.6829999999999998,NORMAL
Mirae Asset Nifty India Manufacturing ETF FoF Reg(G),FOF-DOM,Ekta Gala,1.6800000000000004,NORMAL
Nippon India Value Fund(G),EQ-VAL,Dhrumil Shah,1.6720000000000002,NORMAL
Aditya Birla SL India GenNext Fund(G),EQ-CONS,Chanchal Khandelwal,1.671,NORMAL
Union Large & Midcap Fund Reg(G),EQ-L&M,Vinod Malviya,1.669,NORMAL
Navi Nifty India Manufacturing Index Fund Reg(G),EQ-INDX,Aditya Mulki,1.6670000000000003,NORMAL
Kotak NIFTY India Consumption ETF,EQ-ETF,Devender Singhal,1.6650000000000003,NORMAL
Kotak Multicap Fund Reg(G),EQ-MLC,Devender Singhal,1.6610000000000003,NORMAL
ICICI Pru Nifty India Consumption ETF,EQ-ETF,Nishit Patel,1.659,NORMAL
Navi Large & Midcap Fund Reg(G),EQ-L&M,Aditya Mulki,1.658,NORMAL
Tata Equity P/E Fund(G),EQ-VAL,Sonam Udasi,1.657,NORMAL
DSP Aggressive Hybrid Fund Reg(G),HY-EQ,Abhishek Singh,1.6540000000000004,NORMAL
SBI Nifty Consumption ETF,EQ-ETF,Harsh Sethi,1.6529999999999998,NORMAL
UTI Innovation Fund Reg(G),EQ-THEM,Ankit Agarwal,1.652,NORMAL
ICICI Pru Transportation and Logistics Fund Reg(G),EQ-AUTO,Rajat Chandak,1.6510000000000002,NORMAL
Nippon India ETF Nifty India Consumption,EQ-ETF,Himanshu Mange,1.6470000000000002,NORMAL
PGIM India Retirement Fund Reg(G),HY-SOL,Vinay Paharia,1.645,NORMAL
UTI BSE Housing Index Fund Reg(G),EQ-INDX,Sharwan Kumar Goyal,1.643,NORMAL
HSBC Focused Fund Reg(G),EQ-MLC,Neelotpal Sahai,1.641,NORMAL
SBI Banking & Financial Services Fund Reg(G),EQ-FIN,Milind Agrawal,1.639,NORMAL
Axis NIFTY India Consumption ETF,EQ-ETF,Karthik Kumar,1.6360000000000003,NORMAL
Kotak Nifty Midcap 50 ETF,EQ-ETF,Devender Singhal,1.6330000000000002,NORMAL
HDFC Flexi Cap Fund(G),EQ-FLEX,Roshi Jain,1.6329999999999996,NORMAL
ICICI Pru Global Advantage Fund(FOF)(G),FOF-OVR,Sankaran Naren,1.6300000000000001,NORMAL
PGIM India Emerging Markets Equity Fund(G),FOF-OVR,Chetan Gindodia,1.629,NORMAL
Edelweiss MSCI India Domestic & World Healthcare 45 Index Fund Reg(G),EQ-INDX,Bhavesh Jain,1.625,NORMAL
Kotak BSE Housing Index Fund Reg(G),EQ-INDX,Devender Singhal,1.6239999999999999,NORMAL
Sundaram Multi Cap Fund(G),EQ-MLC,Sudhir Kedia,1.6169999999999998,NORMAL
Franklin India Equity Advantage Fund(G),EQ-L&M,Venkatesh Sanjeevi,1.614,NORMAL
Franklin India ELSS Tax Saver Fund(G),EQ-ELSS,R. Janakiraman,1.612,NORMAL
HSBC Value Fund Reg(G),EQ-VAL,Venugopal Manghat,1.611,NORMAL
Aditya Birla SL Nifty Next 50 ETF,EQ-ETF,Priya Sridhar,1.61,NORMAL
HDFC Developed World Indexes FoF Reg(G),FOF-OVR,Nirman Morakhia,1.609,NORMAL
LIC MF Childrens Fund Reg(G),HY-SOL,Nikhil Rungta,1.6029999999999998,NORMAL
Mirae Asset Nifty 200 Alpha 30 ETF,EQ-ETF,Ekta Gala,1.6019999999999999,NORMAL
DSP Top 100 Equity Fund Reg(G),EQ-LC,Abhishek Singh,1.6,NORMAL
UTI Nifty Next 50 ETF,EQ-ETF,Sharwan Kumar Goyal,1.5939999999999999,NORMAL
WOC Large Cap Fund Reg(G),EQ-LC,Ramesh Mantri,1.5939999999999999,NORMAL
Mirae Asset Nifty Next 50 ETF,EQ-ETF,Ekta Gala,1.593,NORMAL
ICICI Pru Nifty Next 50 ETF,EQ-ETF,Nishit Patel,1.5909999999999997,NORMAL
Nippon India Innovation Fund Reg(G),EQ-THEM,Vinay Sharma,1.5909999999999997,NORMAL
PGIM India ELSS Tax Saver Fund Reg(G),EQ-ELSS,Sharma Vivek,1.59,NORMAL
SBI Nifty Next 50 ETF,EQ-ETF,Raviprakash Sharma,1.5869999999999997,NORMAL
HDFC NIFTY Next 50 ETF,EQ-ETF,Abhishek Mor,1.5830000000000004,NORMAL
Nippon India ETF Nifty Next 50 Junior BeES,EQ-ETF,Himanshu Mange,1.581,NORMAL
Aditya Birla SL MNC Fund Reg(G),EQ-MNC,Chanchal Khandelwal,1.5799999999999998,NORMAL
Samco Active Momentum Fund Reg(G),EQ-THEM,Paras Matalia,1.579,NORMAL
Franklin India Flexi Cap Fund(G),EQ-FLEX,R. Janakiraman,1.5779999999999998,NORMAL
Sundaram Small Cap Fund(G),EQ-SML,Rohit Seksaria,1.576,NORMAL
Mahindra Manulife Business Cycle Fund Reg(G),EQ-THEM,Krishna Sanghavi,1.5750000000000004,NORMAL
Aditya Birla SL Retirement Fund 30 Reg(G),HY-SOL,Jonas Bhutta,1.5739999999999998,NORMAL
JM Value Fund(G),EQ-VAL,Satish Ramanathan,1.571,NORMAL
ITI ELSS Tax Saver Fund Reg(G),EQ-ELSS,Alok Ranjan,1.5680000000000003,NORMAL
Mahindra Manulife Consumption Fund Reg(G),EQ-CONS,Navin Matta,1.568,NORMAL
JM Focused Fund Reg(G),EQ-LC,Asit Bhandarkar,1.565,NORMAL
ICICI Pru India Opp Fund(G),EQ-THEM,Sankaran Naren,1.5639999999999998,NORMAL
Parag Parikh Flexi Cap Fund Reg(G),EQ-FLEX,Rajeev Thakkar,1.5639999999999998,NORMAL
Quantum Equity FoF Reg(G),FOF-DOM,Chirag Mehta,1.5639999999999998,NORMAL
Mahindra Manulife Multi Cap Fund Reg(G),EQ-MLC,Manish Lodha,1.5630000000000002,NORMAL
HDFC Multi Cap Fund Reg(G),EQ-MLC,Gopal Agrawal,1.56,NORMAL
Nippon India Nifty Next 50 Junior BeES FoF Reg(G),FOF-DOM,Himanshu Mange,1.56,NORMAL
Mirae Asset Focused Fund Reg(G),EQ-MLC,Gaurav Misra,1.5590000000000002,NORMAL
SBI Long Term Equity Fund Reg(G),EQ-ELSS,Dinesh Balachandran,1.557,NORMAL
Edelweiss ELSS Tax saver Fund Reg(G),EQ-ELSS,Ashwani Agarwalla,1.5559999999999998,NORMAL
Mirae Asset Nifty Financial Services ETF,EQ-ETF,Ekta Gala,1.55,NORMAL
Nippon India Consumption Fund(G),EQ-CONS,Amar Kalkundrikar,1.5479999999999996,NORMAL
Union Childrens Fund Reg(G),HY-SOL,Gaurav Chopra,1.546,NORMAL
Sundaram Infra Advantage Fund(G),EQ-INFRA,Ashish Aggarwal,1.545,NORMAL
UTI Aggressive Hybrid Fund Reg(G),HY-EQ,V. Srivatsa,1.545,NORMAL
Axis ELSS Tax Saver Fund Reg(G),EQ-ELSS,Shreyash Devalkar,1.5430000000000001,NORMAL
Invesco India Largecap Fund(G),EQ-LC,Amit Nigam,1.543,NORMAL
Aditya Birla SL Special Opp Fund Reg(G),EQ-THEM,Dhaval Gala,1.5429999999999997,NORMAL
Kotak Nifty Next 50 Index Fund Reg(G),EQ-INDX,Devender Singhal,1.5390000000000001,NORMAL
Axis Nifty Midcap 50 Index Fund Reg(G),EQ-INDX,Karthik Kumar,1.539,NORMAL
Invesco India Financial Services Fund(G),EQ-FIN,Hiten Jain,1.5340000000000003,NORMAL
UTI Nifty Next 50 Index Fund Reg(G),EQ-INDX,Sharwan Kumar Goyal,1.5330000000000001,NORMAL
WOC Banking & Financial Services Fund Reg(G),EQ-FIN,Trupti Agrawal,1.5319999999999998,NORMAL
Kotak ELSS Tax Saver Fund(G),EQ-ELSS,Harsha Upadhyaya,1.5310000000000001,NORMAL
SBI Nifty Next 50 Index Fund Reg(G),EQ-INDX,Raviprakash Sharma,1.524,NORMAL
JM Aggressive Hybrid Fund(G),HY-EQ,Asit Bhandarkar,1.519,NORMAL
Edelweiss ASEAN Equity Off Shore Fund Reg(G),FOF-OVR,Bhavesh Jain,1.518,NORMAL
HDFC Capital Builder Value Fund(G),EQ-VAL,Anand Laddha,1.518,NORMAL
ICICI Pru Nifty Next 50 Index Fund(G),EQ-INDX,Nishit Patel,1.5170000000000001,NORMAL
Navi Nifty Next 50 Index Fund Reg(G),EQ-INDX,Aditya Mulki,1.5160000000000002,NORMAL
ICICI Pru Exports & Services Fund(G),EQ-THEM,Sankaran Naren,1.5150000000000001,NORMAL
Bank of India Multi Cap Fund Reg(G),EQ-MLC,Nitin Gosar,1.513,NORMAL
Quantum Long Term Equity Value Fund Reg(G),EQ-VAL,George Thomas,1.513,NORMAL
Edelweiss Nifty Next 50 Index Fund Reg(G),EQ-INDX,Bhavesh Jain,1.5110000000000001,NORMAL
SBI International Access US Equity FoF Reg(G),FOF-OVR,Pradeep Kesavan,1.511,NORMAL
DSP NIFTY Next 50 Index Fund Reg(G),EQ-INDX,Anil Ghelani,1.5100000000000002,NORMAL
Motilal Oswal Nifty Next 50 Index Fund Reg(G),EQ-INDX,Swapnil P Mayekar,1.5099999999999998,NORMAL
Nippon India Asset Allocator FoF Reg(G),FOF-DOM,Sushil Budhia,1.508,NORMAL
LIC MF Nifty Next 50 Index Fund(G),EQ-INDX,Sumit Bhatnagar,1.506,NORMAL
Axis Nifty Next 50 Index Fund Reg(G),EQ-INDX,Karthik Kumar,1.505,NORMAL
UTI ELSS Tax Saver Fund Reg(G),EQ-ELSS,Vishal Chopda,1.499,NORMAL
HSBC Nifty Next 50 Index Fund Reg(G),EQ-INDX,Praveen Ayathan,1.4989999999999994,NORMAL
Aditya Birla SL Retirement Fund 40 Reg(G),HY-SOL,Chanchal Khandelwal,1.4970000000000003,NORMAL
HDFC Small Cap Fund Reg(G),EQ-SML,Chirag Setalvad,1.4969999999999999,NORMAL
HDFC NIFTY Next 50 Index Fund Reg(G),EQ-INDX,Nirman Morakhia,1.4950000000000003,NORMAL
Axis Business Cycles Fund Reg(G),EQ-THEM,Ashish Naik,1.49,NORMAL
Nippon India Retirement Fund Wealth Creation(G),HY-SOL,Pranay Sinha,1.4880000000000002,NORMAL
Mahindra Manulife Aggressive Hybrid Fund Reg(G),HY-EQ,Fatema Pacha,1.488,NORMAL
Franklin Build India Fund(G),EQ-INFRA,Ajay Argal,1.486,NORMAL
Axis Greater China Equity FoF Reg(G),FOF-OVR,Krishnaa N,1.4849999999999999,NORMAL
Aditya Birla SL Nifty Next 50 Index Fund Reg(G),EQ-INDX,Priya Sridhar,1.482,NORMAL
Quantum ELSS Tax Saver Fund Reg(G),EQ-ELSS,George Thomas,1.482,NORMAL
ICICI Pru Infrastructure Fund(G),EQ-INFRA,Ihab Dalwai,1.4789999999999999,NORMAL
ICICI Pru ESG Exclusionary Strategy Fund(G),EQ-THEM,Mittul Kalawadia,1.475,NORMAL
Franklin Asian Equity Fund(G),EQ-INTL,Shyam Sundar Sriram,1.4739999999999998,NORMAL
Aditya Birla SL Flexi Cap Fund(G),EQ-FLEX,Harish krishnan,1.473,NORMAL
Mirae Asset Midcap Fund Reg(G),EQ-MID,Ankit Jain,1.472,NORMAL
Kotak India EQ Contra Fund(G),EQ-VAL,Shibani Kurian,1.4709999999999996,NORMAL
ICICI Pru Flexicap Fund(G),EQ-FLEX,Rajat Chandak,1.4700000000000002,NORMAL
Tata Focused Equity Fund Reg(G),EQ-MLC,Meeta Shetty,1.4689999999999999,NORMAL
WOC Multi Asset Allocation Fund Reg(G),HY-MULTI,Ramesh Mantri,1.4680000000000002,NORMAL
UTI Childrens Equity Fund(G),HY-SOL,Vishal Chopda,1.466,NORMAL
SBI Large & Midcap Fund Reg(G),EQ-L&M,Saurabh Pant,1.4659999999999997,NORMAL
ICICI Pru Retirement Fund Pure Equity Plan(G),HY-SOL,Lalit Kumar,1.4609999999999999,NORMAL
HDFC ELSS Tax saver(G),EQ-ELSS,Roshi Jain,1.4589999999999999,NORMAL
Edelweiss Aggressive Hybrid Fund Reg(G),HY-MULTI,Bharat Lahoti,1.455,NORMAL
HDFC Large and Mid Cap Fund Reg(G),EQ-L&M,Gopal Agrawal,1.452,NORMAL
Axis Retirement Fund Aggressive Plan Reg(G),HY-SOL,Jayesh Sundar,1.4500000000000002,NORMAL
Axis Global Innovation FoF Reg(G),FOF-OVR,Krishnaa N,1.4480000000000002,NORMAL
Nippon India Power & Infra Fund(G),EQ-POWER,Rahul Modi,1.448,NORMAL
Baroda BNP Paribas Banking and Fin Serv Fund Reg(G),EQ-FIN,Sandeep Jain,1.4449999999999998,NORMAL
Axis Focused Fund Reg(G),EQ-MLC,Sachin Relekar,1.4419999999999997,NORMAL
Axis Childrens Fund Compulsory Lock in Reg(G),HY-SOL,Jayesh Sundar,1.44,NORMAL
Axis Childrens Fund No Lock in Reg(G),HY-SOL,Jayesh Sundar,1.44,NORMAL
Bandhan Financial Services Fund Reg(G),EQ-FIN,Ritu Modi,1.435,NORMAL
ICICI Pru Quant Fund(G),EQ-THEM,Roshan Chutkey,1.4329999999999998,NORMAL
Franklin India Feeder   Franklin U.S. Opportunities Fund(G),FOF-OVR,Sandeep Manam,1.4260000000000002,NORMAL
Baroda BNP Paribas Business Cycle Fund Reg(G),EQ-THEM,Jitendra Sriram,1.425,NORMAL
Aditya Birla SL Equity Advantage Fund(G),EQ-L&M,Vishal Gajwani,1.423,NORMAL
ICICI Pru India Equity (FOF)(G),FOF-DOM,Dharmesh Kakkad,1.4229999999999998,NORMAL
Aditya Birla SL Digital India Fund(G),EQ-TECH,Kunal Sangoi,1.4229999999999998,NORMAL
Aditya Birla SL Business Cycle Fund Reg(G),EQ-THEM,Harish krishnan,1.422,NORMAL
Axis Global Equity Alpha FoF Reg(G),FOF-OVR,Krishnaa N,1.421,NORMAL
Canara Rob ELSS Tax Saver Reg(G),EQ-ELSS,Vishal Mishra,1.4179999999999997,NORMAL
Bandhan Multi Cap Fund Reg(G),EQ-MLC,Daylynn Pinto,1.4140000000000001,NORMAL
Axis Multi Asset Allocation Fund Reg(G),HY-MULTI,Ashish Naik,1.409,NORMAL
Nippon India Quant Fund(G),EQ-THEM,Ashutosh Bhargava,1.406,NORMAL
Aditya Birla SL Infrastructure Fund(G),EQ-INFRA,Mahesh Patil,1.404,NORMAL
ICICI Pru Nifty LargeMidcap 250 Index Fund Reg(G),EQ-INDX,Nishit Patel,1.4000000000000001,NORMAL
360 ONE Quant Fund Reg(G),EQ-THEM,Parijat Garg,1.4000000000000001,NORMAL
Mirae Asset ELSS Tax Saver Fund Reg(G),EQ-ELSS,Neelesh Surana,1.392,NORMAL
ICICI Pru Retirement Fund Hybrid Aggressive Plan(G),HY-SOL,Lalit Kumar,1.391,NORMAL
Mirae Asset Multicap Fund Reg(G),EQ-MLC,Ankit Jain,1.391,NORMAL
Canara Rob Bluechip Equity Fund Reg(G),EQ-LC,Shridatta Bhandwaldar,1.387,NORMAL
Aditya Birla SL Multi Asset Allocation Fund Reg(G),HY-MULTI,Dhaval Gala,1.3860000000000001,NORMAL
ICICI Pru Multicap Fund(G),EQ-MLC,Sankaran Naren,1.386,NORMAL
Parag Parikh ELSS Tax Saver Fund Reg(G),EQ-ELSS,Rajeev Thakkar,1.3850000000000002,NORMAL
Canara Rob Flexi Cap Fund Reg(G),EQ-FLEX,Shridatta Bhandwaldar,1.384,NORMAL
Kotak Flexicap Fund(G),EQ-FLEX,Harsha Upadhyaya,1.384,NORMAL
Quantum Small Cap Fund Reg(G),EQ-SML,Chirag Mehta,1.3830000000000002,NORMAL
Tata Quant Fund Reg(G),EQ-THEM,Sailesh Jain,1.379,NORMAL
Kotak Multi Asset Allocator FoF Dynamic(G),FOF-DOM,Devender Singhal,1.377,NORMAL
Nippon India Flexi Cap Fund Reg(G),EQ-FLEX,Meenakshi Dawar,1.3760000000000001,NORMAL
DSP Value Fund Reg(G),EQ-VAL,Aparna Karnik,1.3729999999999998,NORMAL
Bandhan Large Cap Fund Reg(G),EQ-LC,Manish Gunwani,1.3699999999999999,NORMAL
ICICI Pru Nifty Auto ETF,EQ-ETF,Nishit Patel,1.3619999999999999,NORMAL
Sundaram Focused Fund(G),EQ-FLEX,S. Bharath,1.361,NORMAL
Nippon India ELSS Tax Saver Fund(G),EQ-ELSS,Rupesh Patel,1.358,NORMAL
PGIM India Flexi Cap Fund Reg(G),EQ-FLEX,Anandha Padmanabhan Anjeneyan,1.3570000000000002,NORMAL
ICICI Pru MNC Fund(G),EQ-MNC,Roshan Chutkey,1.3560000000000003,NORMAL
Axis Aggressive Hybrid Fund Reg(G),HY-EQ,Jayesh Sundar,1.3559999999999999,NORMAL
Franklin India Focused Equity Fund(G),EQ-MLC,Ajay Argal,1.3550000000000002,NORMAL
UTI MNC Fund Reg(G),EQ-MNC,Karthikraj Lakshmanan,1.3529999999999998,NORMAL
Aditya Birla SL Transportation and Logistics Fund Reg(G),EQ-AUTO,Dhaval Gala,1.3529999999999998,NORMAL
Union Focused Fund Reg(G),EQ-MLC,Pratik Dharmshi,1.352,NORMAL
Nippon India Nifty Auto ETF,EQ-ETF,Himanshu Mange,1.3519999999999999,NORMAL
UTI Multi Asset Allocation Fund Reg(G),HY-MULTI,Sharwan Kumar Goyal,1.3510000000000002,NORMAL
Mirae Asset Nifty Smallcap 250 Momentum Quality 100 ETF,EQ-ETF,Ekta Gala,1.3509999999999998,NORMAL
HSBC Asia Pacific (Ex Japan) DYF Reg(G),FOF-OVR,Sonal Gupta,1.3490000000000002,NORMAL
Sundaram Flexi Cap Fund Reg(G),EQ-FLEX,Sudhir Kedia,1.347,NORMAL
Kotak Focused Equity Fund Reg(G),EQ-MLC,Shibani Kurian,1.342,NORMAL
Nippon India Multi Asset Allocation Fund Reg(G),HY-MULTI,Ashutosh Bhargava,1.342,NORMAL
Edelweiss NIFTY Large Mid Cap 250 Index Fund Reg(G),EQ-INDX,Bhavesh Jain,1.3370000000000002,NORMAL
Taurus Infrastructure Fund Reg(G),EQ-INFRA,Anuj Kapil,1.3360000000000003,NORMAL
SBI Magnum Childrens Benefit Fund Savings Plan,HY-SOL,Rajeev Radhakrishnan,1.334,NORMAL
Tata Housing Opportunities Fund Reg(G),EQ-THEM,Tejas Gutka,1.3299999999999996,NORMAL
Mirae Asset Flexi Cap Fund Reg(G),EQ-FLEX,Varun Goel,1.327,NORMAL
WOC Balanced Advantage Fund Reg(G),HY-DYN,Ramesh Mantri,1.327,NORMAL
DSP Multi Asset Allocation Fund Reg(G),HY-MULTI,Aparna Karnik,1.3239999999999998,NORMAL
ICICI Pru Banking & Fin Serv Fund(G),EQ-FIN,Roshan Chutkey,1.3190000000000002,NORMAL
Kotak Banking & Financial Services Fund Reg(G),EQ-FIN,Shibani Kurian,1.3169999999999997,NORMAL
HDFC Childrens Fund,HY-SOL,Chirag Setalvad,1.3150000000000002,NORMAL
Baroda BNP Paribas Focused Fund Reg(G),EQ-FLEX,Sanjay Chawla,1.315,NORMAL
ICICI Pru Large & Mid Cap Fund(G),EQ-L&M,Ihab Dalwai,1.315,NORMAL
Union Retirement Fund Reg(G),HY-SOL,Pratik Dharmshi,1.315,NORMAL
Invesco India Equity Savings Fund Reg(G),HY-EQ,Dhimant Kothari,1.314,NORMAL
Tata Flexi Cap Fund Reg(G),EQ-FLEX,Amey Sathe,1.313,NORMAL
360 ONE Balanced Hybrid Fund Reg(G),HY-EQ,Mayur Patel,1.307,NORMAL
Aditya Birla SL Multi Index FoF Reg(G),FOF-DOM,Vinod Narayan Bhat,1.306,NORMAL
HSBC Managed Solutions India Growth(G),FOF-DOM,Gautam Bhupal,1.306,NORMAL
HDFC Retirement Savings Fund Equity Plan Reg(G),HY-SOL,Srinivasan Ramamurthy,1.301,NORMAL
Tata Banking & Financial Services Fund Reg(G),EQ-FIN,Amey Sathe,1.301,NORMAL
Kotak Bluechip Fund(G),EQ-LC,Rohit Tandon,1.3000000000000003,NORMAL
SBI BlueChip Fund Reg(G),EQ-LC,Saurabh Pant,1.3,NORMAL
Aditya Birla SL Financial Planning FOF Aggressive Plan(G),FOF-DOM,Vinod Narayan Bhat,1.298,NORMAL
Bank of India ELSS Tax Saver Reg(G),EQ-ELSS,Alok Singh,1.2970000000000002,NORMAL
Union ELSS Tax Saver Fund(G),EQ-ELSS,Vinod Malviya,1.295,NORMAL
Groww ELSS Tax Saver Fund Reg(G),EQ-ELSS,Anupam Tiwari,1.294,NORMAL
SBI Infrastructure Fund Reg(G),EQ-INFRA,Bhavin Vithlani,1.294,NORMAL
ICICI Pru Smallcap Fund(G),EQ-SML,Anish Tawakley,1.294,NORMAL
Axis Balanced Advantage Fund Reg(G),HY-DYN,Jayesh Sundar,1.293,NORMAL
Baroda BNP Paribas Retirement Fund Reg(G),HY-SOL,Pratish Krishnan,1.2914285714285716,NORMAL
Kotak Multi Asset Allocation Fund Reg(G),HY-MULTI,Devender Singhal,1.29,NORMAL
ICICI Pru Nifty Auto Index Fund Reg(G),EQ-AUTO,Nishit Patel,1.2850000000000004,NORMAL
Sundaram Business Cycle Fund Reg(G),EQ-THEM,Ratish Varier,1.285,NORMAL
LIC MF Aggressive Hybrid Fund(G),HY-EQ,Karan Doshi,1.2840000000000003,NORMAL
HDFC Infrastructure Fund(G),EQ-INFRA,Srinivasan Ramamurthy,1.2810000000000001,NORMAL
Aditya Birla SL Nifty 200 Quality 30 ETF,EQ-ETF,Priya Sridhar,1.277,NORMAL
LIC MF Focused Fund Reg(G),EQ-LC,Jaiprakash Toshniwal,1.2760000000000002,NORMAL
ICICI Pru Nifty 200 Quality 30 ETF,EQ-ETF,Nishit Patel,1.274,NORMAL
Franklin India Bluechip Fund(G),EQ-LC,Venkatesh Sanjeevi,1.272,NORMAL
Nippon India Large Cap Fund(G),EQ-LC,Sailesh Raj Bhan,1.2719999999999998,NORMAL
Bandhan Multi Asset Allocation Fund Reg(G),HY-MULTI,Viraj Kulkarni,1.271,NORMAL
ICICI Pru Bharat Consumption Fund(G),EQ-CONS,Sankaran Naren,1.2700000000000002,NORMAL
Bandhan Flexi Cap Fund Reg(G),EQ-FLEX,Manish Gunwani,1.27,NORMAL
Invesco India   Invesco Global Equity Income FoF Reg(G),FOF-OVR,Herin Shah,1.27,NORMAL
Axis ESG Integration Strategy Fund Reg(G),EQ-THEM,Vishal Agarwal,1.27,NORMAL
HSBC Large Cap Fund(G),EQ-LC,Neelotpal Sahai,1.27,NORMAL
SBI Contra Fund Reg(G),EQ-VAL,Dinesh Balachandran,1.2689999999999997,NORMAL
LIC MF Large Cap Fund Reg(G),EQ-LC,Nikhil Rungta,1.264,NORMAL
Kotak NIFTY MNC ETF,EQ-ETF,Devender Singhal,1.2639999999999996,NORMAL
Baroda BNP Paribas Large Cap Fund Reg(G),EQ-LC,Jitendra Sriram,1.263,NORMAL
Aditya Birla SL ELSS Tax Saver Fund(G),EQ-ELSS,Dhaval Shah,1.262,NORMAL
Union Flexi Cap Fund Reg(G),EQ-FLEX,Sanjay Bembalkar,1.262,NORMAL
ITI Multi Cap Fund Reg(G),EQ-MLC,Dhimant Shah,1.262,NORMAL
HSBC Conservative Hybrid Fund(G),HY-DT(CO),Mahesh Chhabria,1.2590000000000001,NORMAL
HDFC Business Cycle Fund Reg(G),EQ-THEM,Rahul Baijal,1.259,NORMAL
Baroda BNP Paribas Aggressive Hybrid Fund Reg(G),HY-EQ,Jitendra Sriram,1.258,NORMAL
SBI Nifty 200 Quality 30 ETF,EQ-ETF,Raviprakash Sharma,1.2550000000000001,NORMAL
Aditya Birla SL Bal Bhavishya Yojna Reg(G),HY-SOL,Chanchal Khandelwal,1.254,NORMAL
Quant Multi Asset Fund(G),HY-MULTI,Sanjeev Sharma,1.253,NORMAL
ICICI Pru Strategic Metal and Energy Equity FoF Reg(G),FOF-OVR,Sharmila Dmello,1.251,NORMAL
Taurus ELSS Tax Saver Fund Reg(G),EQ-ELSS,Anuj Kapil,1.25,NORMAL
Aditya Birla SL Focused Fund(G),EQ-LC,Kunal Sangoi,1.25,NORMAL
Sundaram Aggressive Hybrid Fund(G),HY-EQ,S. Bharath,1.2489999999999999,NORMAL
Invesco India Balanced Advantage Fund(G),HY-DYN,Dhimant Kothari,1.248,NORMAL
ICICI Pru Housing Opp Fund Reg(G),EQ-THEM,Anand Sharma,1.247,NORMAL
SBI Equity Hybrid Fund Reg(G),HY-EQ,R. Srinivasan,1.242,NORMAL
Franklin India Equity Hybrid Fund(G),HY-EQ,Rajasa Kakulavarapu,1.2419999999999998,NORMAL
Groww Nifty India Defence ETF FOF Reg(G),FOF-DOM,Abhishek Jain,1.2399999999999998,NORMAL
Motilal Oswal Asset Allocation Passive FoF Aggressive Reg(G),FOF-DOM,Bhalchandra Shinde,1.2380000000000002,NORMAL
Sundaram ELSS Tax Saver Fund Reg(G),EQ-ELSS,Sudhir Kedia,1.2340000000000002,NORMAL
Canara Rob Equity Hybrid Fund Reg(G),HY-EQ,Ennettee Fernandes,1.233,NORMAL
PGIM India Hybrid Equity Fund(G),HY-EQ,Sharma Vivek,1.23,NORMAL
ICICI Pru Nifty Financial Services Ex Bank ETF,EQ-ETF,Nishit Patel,1.227,NORMAL
Aditya Birla SL Equity Hybrid 95 Fund(G),HY-EQ,Chanchal Khandelwal,1.2269999999999999,NORMAL
Nippon India US Equity Opp Fund(G),EQ-INTL,Kinjal Desai,1.225,NORMAL
Aditya Birla SL Asset Allocator FoF(G),FOF-DOM,Vinod Narayan Bhat,1.223,NORMAL
ICICI Pru Value Discovery Fund(G),EQ-VAL,Sankaran Naren,1.2200000000000002,NORMAL
UTI Nifty Midcap 150 Index Fund Reg(G),EQ-INDX,Sharwan Kumar Goyal,1.22,NORMAL
Aditya Birla SL Frontline Equity Fund(G),EQ-LC,Mahesh Patil,1.219,NORMAL
WOC Balanced Hybrid Fund Reg(G),HY-DYN,Ramesh Mantri,1.2129999999999999,NORMAL
Tata Large & Mid Cap Fund Reg(G),EQ-L&M,Chandraprakash Padiyar,1.2109999999999999,NORMAL
Quantum ESG Best In Class Strategy Fund Reg(G),EQ-THEM,Chirag Mehta,1.2100000000000002,NORMAL
SBI ESG Exclusionary Strategy Fund Reg(G),EQ-THEM,Rohit Shimpi,1.209,NORMAL
DSP Global Innovation FoF Reg(G),FOF-OVR,Jay Kothari,1.2049999999999998,NORMAL
Groww Nifty India Defence ETF,EQ-ETF,Abhishek Jain,1.2049999999999998,NORMAL
SBI Flexicap Fund Reg(G),EQ-FLEX,Dinesh Balachandran,1.2049999999999998,NORMAL
Union Business Cycle Fund Reg(G),EQ-THEM,Harshad Patwardhan,1.2022222222222223,NORMAL
Tata Business Cycle Fund Reg(G),EQ-THEM,Rahul Singh (Tata),1.202,NORMAL
Bandhan Balanced Advantage Fund Reg(G),HY-DYN,Manish Gunwani,1.197,NORMAL
Aditya Birla SL Pure Value Fund(G),EQ-VAL,Kunal Sangoi,1.197,NORMAL
Nippon India Equity Hybrid Fund(G),HY-EQ,Meenakshi Dawar,1.1969999999999998,NORMAL
Mirae Asset Large Cap Fund Reg(G),EQ-LC,Gaurav Misra,1.1969999999999998,NORMAL
Motilal Oswal Nifty 500 ETF,EQ-ETF,Swapnil P Mayekar,1.1969999999999998,NORMAL
Helios Large & Mid Cap Fund Reg(G),EQ-L&M,Alok Bahl,1.1949999999999998,NORMAL
ICICI Pru Passive Strategy Fund(FOF)(G),FOF-DOM,Sankaran Naren,1.191,NORMAL
Union Value Fund Reg(G),EQ-VAL,Vinod Malviya,1.1889999999999998,NORMAL
Kotak Balanced Advantage Fund Reg(G),HY-DYN,Rohit Tandon,1.182,NORMAL
UTI Focused Fund Reg(G),EQ-FLEX,Vishal Chopda,1.182,NORMAL
ICICI Pru Manufacturing Fund(G),EQ-THEM,Anish Tawakley,1.1809999999999998,NORMAL
Bandhan Asset Alloc FoF Aggr Reg(G),FOF-DOM,Viraj Kulkarni,1.179,NORMAL
Mirae Asset Large & Midcap Fund Reg(G),EQ-L&M,Neelesh Surana,1.1780000000000002,NORMAL
Baroda BNP Paribas Multi Asset Fund Reg(G),HY-MULTI,Jitendra Sriram,1.177,NORMAL
Nippon India Focused Equity Fund(G),EQ-FLEX,Vinay Sharma,1.1760000000000002,NORMAL
Kotak Global Innovation FoF Reg(G),FOF-OVR,Arjun Khanna,1.172,NORMAL
HSBC Managed Solutions India Moderate(G),FOF-DOM,Gautam Bhupal,1.166,NORMAL
Mirae Asset Banking and Financial Services Fund Reg(G),EQ-FIN,Gaurav Kochar,1.165,NORMAL
UTI Banking and Financial Services Fund Reg(G),EQ-FIN,Preethi R S,1.1640000000000001,NORMAL
ICICI Pru Child Care Fund Gift Plan,HY-SOL,Lalit Kumar,1.163,NORMAL
ICICI Pru ELSS Tax Saver Fund(G),EQ-ELSS,Mittul Kalawadia,1.1629999999999998,NORMAL
HDFC Dividend Yield Fund Reg(G),EQ-DIV,Gopal Agrawal,1.161,NORMAL
Kotak Nifty Financial Services Ex Bank Index Fund Reg(G),EQ-INDX,Devender Singhal,1.1590000000000003,NORMAL
Aditya Birla SL Dividend Yield Fund(G),EQ-DIV,Dhaval Gala,1.1580000000000001,NORMAL
ITI Value Fund Reg(G),EQ-VAL,Rohan Korde,1.158,NORMAL
Baroda BNP Paribas Balanced Advantage Fund Reg(G),HY-DYN,Sanjay Chawla,1.153,NORMAL
Tata Infrastructure Fund Reg(G),EQ-INFRA,Abhinav Sharma,1.1520000000000001,NORMAL
Groww Nifty Total Market Index Fund Reg(G),EQ-INDX,Abhishek Jain,1.152,NORMAL
ICICI Pru BSE 500 ETF FOF Reg(G),FOF-DOM,Nishit Patel,1.1510000000000002,NORMAL
360 ONE Focused Equity Fund Reg(G),EQ-MLC,Mayur Patel,1.15,NORMAL
ICICI Pru BSE 500 ETF,EQ-ETF,Nishit Patel,1.1480000000000001,NORMAL
HDFC BSE 500 ETF,EQ-ETF,Abhishek Mor,1.145,NORMAL
ICICI Pru Multi Asset Fund(G),HY-MULTI,Sankaran Naren,1.144,NORMAL
ICICI Pru Dividend Yield Equity Fund(G),EQ-DIV,Mittul Kalawadia,1.137,NORMAL
HDFC Banking & Financial Services Fund Reg(G),EQ-FIN,Anand Laddha,1.1359999999999997,NORMAL
Motilal Oswal Focused Fund Reg(G),EQ-LC,Santosh Singh,1.1339999999999997,NORMAL
UTI Infrastructure Fund Reg(G),EQ-INFRA,Sachin Trivedi,1.129,NORMAL
Bandhan Transportation and Logistics Fund Reg(G),EQ-AUTO,Daylynn Pinto,1.124,NORMAL
UTI ULIP(G),HY-DT(BA),Sunil Patil,1.123,NORMAL
LIC MF Balanced Advantage Fund Reg(G),HY-EQ,Yogesh Patil,1.1199999999999999,NORMAL
UTI Retirement Fund,HY-SOL,V. Srivatsa,1.117,NORMAL
JM Small Cap Fund Reg(G),EQ-SML,Asit Bhandarkar,1.1166666666666663,NORMAL
Sundaram Diversified Equity(G),EQ-ELSS,Sudhir Kedia,1.1150000000000002,NORMAL
Motilal Oswal Nifty 500 Index Fund Reg(G),EQ-INDX,Swapnil P Mayekar,1.115,NORMAL
Tata Multicap Fund Reg(G),EQ-MLC,Rahul Singh (Tata),1.1149999999999998,NORMAL
Edelweiss US Value Equity Offshore Fund Reg(G),FOF-OVR,Bhavesh Jain,1.1149999999999998,NORMAL
Mirae Asset Equity Allocator FoF Reg(G),FOF-DOM,Bharti Sawant,1.1139999999999999,NORMAL
DSP Dynamic Asset Allocation Fund Reg(G),HY-DYN,Rohit Singhania,1.1110000000000002,NORMAL
DSP US Flexible Equity FoF Reg(G),FOF-OVR,Jay Kothari,1.109,NORMAL
Axis Bluechip Fund Reg(G),EQ-LC,Shreyash Devalkar,1.108,NORMAL
Mirae Asset Nifty Bank ETF,EQ-ETF,Ekta Gala,1.106,NORMAL
Bajaj Finserv Nifty Bank ETF,EQ-ETF,Ilesh Savla,1.1059999999999999,NORMAL
HSBC Balanced Advantage Fund Reg(G),HY-DYN,Neelotpal Sahai,1.1059999999999999,NORMAL
Nippon India Banking & Financial Services Fund(G),EQ-FIN,Vinay Sharma,1.105,NORMAL
Aditya Birla SL Financial Planning FOF Moderate Plan(G),FOF-DOM,Vinod Narayan Bhat,1.104,NORMAL
UTI Nifty Bank ETF,EQ-ETF,Sharwan Kumar Goyal,1.1039999999999996,NORMAL
Mahindra Manulife Flexi Cap Fund Reg(G),EQ-FLEX,Fatema Pacha,1.1030000000000002,NORMAL
Nippon India Passive Flexicap FoF Reg(G),FOF-DOM,Ashutosh Bhargava,1.103,NORMAL
SBI Multi Asset Allocation Fund Reg(G),HY-MULTI,Mansi Sajeja,1.1029999999999998,NORMAL
ICICI Pru Nifty Bank ETF,EQ-ETF,Nishit Patel,1.1009999999999998,NORMAL
Aditya Birla SL Nifty Bank ETF,EQ-ETF,Priya Sridhar,1.1,NORMAL
Bank of India Large & Mid Cap Equity Fund Reg(G),EQ-L&M,Nitin Gosar,1.1,NORMAL
SBI Nifty Bank ETF,EQ-ETF,Raviprakash Sharma,1.1,NORMAL
HDFC Asset Allocator FoF Reg(G),FOF-DOM,Srinivasan Ramamurthy,1.1,NORMAL
HSBC Global Emerging Markets Fund(G),FOF-OVR,Sonal Gupta,1.0999999999999999,NORMAL
Axis NIFTY Bank ETF,EQ-ETF,Karthik Kumar,1.0989999999999998,NORMAL
DSP Nifty Bank ETF,EQ-ETF,Anil Ghelani,1.0989999999999998,NORMAL
HDFC NIFTY Bank ETF,EQ-ETF,Abhishek Mor,1.0989999999999998,NORMAL
Kotak Nifty Bank ETF,EQ-ETF,Devender Singhal,1.098,NORMAL
Kotak Nifty 50 Value 20 ETF,EQ-ETF,Devender Singhal,1.0970000000000002,NORMAL
Nippon India ETF Nifty Bank BeES,EQ-ETF,Himanshu Mange,1.0959999999999999,NORMAL
Helios Balanced Advantage Fund Reg(G),HY-DYN,Alok Bahl,1.0944444444444443,NORMAL
HDFC NIFTY50 Value 20 ETF,EQ-ETF,Abhishek Mor,1.093,NORMAL
Taurus Flexi Cap Fund Reg(G),EQ-FLEX,Anuj Kapil,1.092,NORMAL
DSP Quant Fund Reg(G),EQ-THEM,Aparna Karnik,1.091,NORMAL
Bandhan Sterling Value Fund Reg(G),EQ-VAL,Daylynn Pinto,1.0909999999999997,NORMAL
Edelweiss Large Cap Fund Reg(G),EQ-LC,Bharat Lahoti,1.0899999999999999,NORMAL
Tata Nifty500 Multicap India Manufacturing 50:30:20 Index Fund Reg(G),EQ-INDX,Kapil Menon,1.0850000000000002,NORMAL
ICICI Pru Nifty50 Value 20 ETF,EQ-ETF,Nishit Patel,1.084,NORMAL
Union Aggressive Hybrid Fund Reg(G),HY-EQ,Sanjay Bembalkar,1.084,NORMAL
Nippon India ETF Nifty 50 Value 20,EQ-ETF,Himanshu Mange,1.0820000000000003,NORMAL
Franklin India Balanced Advantage Fund Reg(G),HY-DYN,Rajasa Kakulavarapu,1.081,NORMAL
Tata Young Citizen Fund,HY-SOL,Amey Sathe,1.076,NORMAL
PGIM India Global Select Real Estate Securities FoF Reg(G),FOF-OVR,Chetan Gindodia,1.0749999999999997,NORMAL
Mirae Asset Multi Asset Allocation Fund Reg(G),HY-MULTI,Harshad Borawake,1.073,NORMAL
HDFC Balanced Advantage Fund(G),HY-DYN,Gopal Agrawal,1.0719999999999998,NORMAL
UTI Large Cap Fund Reg(G),EQ-LC,Karthikraj Lakshmanan,1.0710000000000002,NORMAL
Quant Business Cycle Fund Reg(G),EQ-THEM,Sandeep Tandon,1.0700000000000003,NORMAL
Nippon India Taiwan Equity Fund Reg(G),EQ-INTL,Kinjal Desai,1.0689999999999997,NORMAL
Navi Nifty 50 ETF,EQ-ETF,Aditya Mulki,1.067,NORMAL
Mirae Asset Aggressive Hybrid Fund Reg(G),HY-EQ,Harshad Borawake,1.065,NORMAL
HDFC BSE 500 Index Fund Reg(G),EQ-INDX,Nirman Morakhia,1.0630000000000002,NORMAL
ICICI Pru Nifty Bank Index Fund Reg(G),EQ-INDX,Nishit Patel,1.062,NORMAL
Aditya Birla SL Balanced Advantage Fund(G),HY-DYN,Harish krishnan,1.0619999999999998,NORMAL
Motilal Oswal Nifty MidSmall Financial Services Index Fund Reg(G),EQ-INDX,Swapnil P Mayekar,1.06,NORMAL
Bandhan Asset Alloc FoF Mod Reg(G),FOF-DOM,Viraj Kulkarni,1.0589999999999997,NORMAL
Quant Teck Fund Reg(G),EQ-TECH,Sandeep Tandon,1.0580000000000003,NORMAL
ICICI Pru Bluechip Fund(G),EQ-LC,Anish Tawakley,1.057,NORMAL
Navi Aggressive Hybrid Fund Reg(G),HY-EQ,Aditya Mulki,1.055,NORMAL
LIC MF ULIS,HY-SOL,Dikshit Mittal,1.0540000000000003,NORMAL
Kotak Nifty 200 Momentum 30 Index Fund Reg(G),EQ-INDX,Devender Singhal,1.052,NORMAL
SBI Magnum Global Fund Reg(G),EQ-MNC,R. Srinivasan,1.052,NORMAL
UTI Nifty200 Momentum 30 Index Fund Reg(G),EQ-INDX,Sharwan Kumar Goyal,1.049,NORMAL
SBI Retirement Benefit Fund Aggressive Plan Reg(G),HY-SOL,Rohit Shimpi,1.049,NORMAL
Nippon India ETF Nifty Dividend Opportunities 50,EQ-ETF,Himanshu Mange,1.0480000000000003,NORMAL
Mahindra Manulife Focused Fund Reg(G),EQ-FLEX,Krishna Sanghavi,1.0479999999999998,NORMAL
Motilal Oswal Nifty 200 Momentum 30 ETF,EQ-ETF,Swapnil P Mayekar,1.0470000000000002,NORMAL
SBI BSE 100 ETF,EQ-ETF,Raviprakash Sharma,1.042,NORMAL
Aditya Birla SL Nifty 200 Momentum 30 ETF,EQ-ETF,Priya Sridhar,1.0389999999999997,NORMAL
Groww Banking & Financial Services Fund Reg(G),EQ-FIN,Anupam Tiwari,1.038,NORMAL
Navi Nifty Bank Index Fund Reg(G),EQ-INDX,Aditya Mulki,1.036,NORMAL
Motilal Oswal Asset Allocation Passive FoF Conservative Reg(G),FOF-DOM,Bhalchandra Shinde,1.0350000000000001,NORMAL
HDFC NIFTY200 Momentum 30 ETF,EQ-ETF,Abhishek Mor,1.0340000000000003,NORMAL
Nippon India Nifty 50 Value 20 Index Fund Reg(G),EQ-INDX,Himanshu Mange,1.034,NORMAL
ICICI Pru Nifty50 Value 20 Index Fund Reg(G),EQ-INDX,Nishit Patel,1.034,NORMAL
Nippon India Nifty Bank Index Fund Reg(G),EQ-INDX,Himanshu Mange,1.034,NORMAL
UTI Transportation & Logistics Fund Reg(G),EQ-AUTO,Sachin Trivedi,1.0330000000000006,NORMAL
Mahindra Manulife ELSS Tax Saver Fund Reg(G),EQ-ELSS,Fatema Pacha,1.0320000000000003,NORMAL
Motilal Oswal Nifty Bank Index Fund Reg(G),EQ-INDX,Swapnil P Mayekar,1.032,NORMAL
HDFC NIFTY100 Quality 30 ETF,EQ-ETF,Abhishek Mor,1.0310000000000001,NORMAL
Franklin India Multi Asset Solution FoF(G),FOF-DOM,Rajasa Kakulavarapu,1.03,NORMAL
Tata Ethical Fund Reg(G),EQ-THEM,Abhinav Sharma,1.0299999999999998,NORMAL
ICICI Pru Nifty 200 Momentum 30 ETF,EQ-ETF,Nishit Patel,1.0279999999999998,NORMAL
ICICI Pru Asset Allocator Fund(FOF)(G),FOF-DOM,Sankaran Naren,1.0279999999999998,NORMAL
ICICI Pru Business Cycle Fund(G),EQ-THEM,Anish Tawakley,1.025,NORMAL
DSP Equity Savings Fund Reg(G),HY-EQ,Abhishek Singh,1.022,NORMAL
Mahindra Manulife Multi Asset Allocation Fund Reg(G),HY-MULTI,Renjith Sivaram,1.02,NORMAL
Kotak ESG Exclusionary Strategy Fund Reg(G),EQ-THEM,Mandar Pawar,1.017,NORMAL
SBI Retirement Benefit Fund Aggressive Hybrid Plan Reg(G),HY-SOL,Rohit Shimpi,1.016,NORMAL
Sundaram Multi Asset Allocation Fund Reg(G),HY-MULTI,Rohit Seksaria,1.016,NORMAL
HDFC Multi Asset Fund(G),HY-MULTI,Srinivasan Ramamurthy,1.0150000000000001,NORMAL
Taurus Large Cap Fund Reg(G),EQ-LC,Anuj Kapil,1.015,NORMAL
HDFC Retirement Savings Fund Hybrid Equity Plan Reg(G),HY-SOL,Srinivasan Ramamurthy,1.014,NORMAL
Quant Small Cap Fund(G),EQ-SML,Ankit Pande,1.01,NORMAL
Aditya Birla SL Credit Risk Fund Reg(G),DT-CR,Sunaina da Cunha,1.009,NORMAL
Shriram ELSS Tax Saver Fund Reg(G),EQ-ELSS,Deepak Ramaraju,1.0080000000000002,NORMAL
Sundaram Dividend Yield Fund(G),EQ-DIV,Ratish Varier,1.0070000000000001,NORMAL
ICICI Pru Equity & Debt Fund(G),HY-EQ,Sankaran Naren,1.004,NORMAL
Tata Nifty Realty Index Fund Reg(G),EQ-INDX,Kapil Menon,1.00375,NORMAL
Aditya Birla SL Global Emerging Opp Fund(G),FOF-OVR,Dhaval Joshi,1.0030000000000001,NORMAL
Mahindra Manulife Large Cap Fund Reg(G),EQ-LC,Fatema Pacha,1.0030000000000001,NORMAL
Aditya Birla SL Banking & Financial Services Fund Reg(G),EQ-FIN,Dhaval Gala,1.0030000000000001,NORMAL
ICICI Pru Income Optimizer Fund(FOF)(G),FOF-DOM,Dharmesh Kakkad,1.001,NORMAL
Tata Hybrid Equity Fund Reg(G),HY-EQ,Satish Chandra Mishra,0.9990000000000002,NORMAL
Tata Large Cap Fund Reg(G),EQ-LC,Abhinav Sharma,0.998,NORMAL
Edelweiss Equity Savings Fund Reg(G),HY-EQ,Bharat Lahoti,0.9960000000000001,NORMAL
Quant Manufacturing Fund Reg(G),EQ-THEM,Sandeep Tandon,0.9950000000000001,NORMAL
Motilal Oswal Nifty 200 Momentum 30 Index Fund Reg(G),EQ-INDX,Swapnil P Mayekar,0.9949999999999998,NORMAL
Nippon India Balanced Advantage Fund(G),HY-DYN,Amar Kalkundrikar,0.9920000000000002,NORMAL
Tata Dividend Yield Fund Reg(G),EQ-DIV,Sailesh Jain,0.9919999999999998,NORMAL
HDFC Hybrid Equity Fund(G),HY-EQ,Chirag Setalvad,0.9870000000000001,NORMAL
ICICI Pru Nifty 200 Momentum 30 Index Fund Reg(G),EQ-INDX,Nishit Patel,0.9859999999999998,NORMAL
HDFC Housing Opp Fund Reg(G),EQ-INFRA,Srinivasan Ramamurthy,0.9850000000000001,NORMAL
ICICI Pru Nifty Alpha Low   Volatility 30 ETF FOF(G),FOF-DOM,Nishit Patel,0.9810000000000001,NORMAL
Quantum Multi Asset FOFs Reg(G),FOF-DOM,Chirag Mehta,0.9809999999999999,NORMAL
Aditya Birla SL Global Excellence Equity FoF(G),FOF-OVR,Dhaval Joshi,0.9809999999999997,NORMAL
SBI Dividend Yield Fund Reg(G),EQ-DIV,Rohit Shimpi,0.975,NORMAL
Edelweiss Nifty 100 Quality 30 Index Fund Reg(G),EQ-INDX,Bhavesh Jain,0.9729999999999999,NORMAL
Templeton India Equity Income Fund(G),EQ-DIV,Rajasa Kakulavarapu,0.9720000000000002,NORMAL
PGIM India Balanced Advantage Fund Reg(G),HY-DYN,Utsav Mehta,0.9709999999999999,NORMAL
HDFC NIFTY200 Momentum 30 Index Fund Reg(G),EQ-INDX,Nirman Morakhia,0.9690000000000001,NORMAL
Tata Multi Asset Opp Fund Reg(G),HY-MULTI,Rahul Singh (Tata),0.9680000000000002,NORMAL
Tata Nifty Financial Services Index Fund Reg(G),EQ-INDX,Kapil Menon,0.9674999999999999,NORMAL
Franklin India Dynamic Asset Allocation FOFs(G),FOF-DOM,Rajasa Kakulavarapu,0.9649999999999999,NORMAL
LIC MF Nifty 100 ETF,EQ-ETF,Sumit Bhatnagar,0.9640000000000001,NORMAL
UTI Balanced Advantage Fund Reg(G),HY-DYN,Sachin Trivedi,0.9620000000000001,NORMAL
Mirae Asset Nifty MidSmallcap400 Momentum Quality 100 ETF,EQ-ETF,Ekta Gala,0.9614285714285712,NORMAL
HDFC Nifty 100 ETF,EQ-ETF,Abhishek Mor,0.9590000000000002,NORMAL
UTI Childrens Hybrid Fund,HY-SOL,Vishal Chopda,0.9579999999999999,NORMAL
PGIM India Global Equity Opp Fund(G),FOF-OVR,Chetan Gindodia,0.9570000000000001,NORMAL
Sundaram Balanced Advantage Fund(G),HY-DYN,S. Bharath,0.9559999999999998,NORMAL
Sundaram Equity Savings Fund(G),HY-EQ,Sudhir Kedia,0.9550000000000001,NORMAL
HDFC Dynamic PE Ratio FOF Reg(G),FOF-DOM,Srinivasan Ramamurthy,0.954,NORMAL
UTI Conservative Hybrid Fund Reg(G),HY-DT(CO),Amit Premchandani,0.954,NORMAL
Invesco India PSU Equity Fund(G),EQ-THEM,Dhimant Kothari,0.9509999999999998,NORMAL
Navi ELSS Tax Saver Fund Reg(G),EQ-ELSS,Aditya Mulki,0.9500000000000002,NORMAL
Bandhan Nifty200 Momentum 30 Index Fund Reg(G),EQ-INDX,Nemish Sheth,0.9499999999999996,NORMAL
ICICI Pru Nifty 100 ETF,EQ-ETF,Nishit Patel,0.9470000000000001,NORMAL
Templeton India Value Fund(G),EQ-VAL,Ajay Argal,0.9460000000000003,NORMAL
Franklin India Pension Plan(G),HY-SOL,Anuj Tagra,0.944,NORMAL
Nippon India ETF Nifty 100,EQ-ETF,Himanshu Mange,0.9430000000000002,NORMAL
HDFC NIFTY 100 Equal Weight Index Fund Reg(G),EQ-INDX,Nirman Morakhia,0.942,NORMAL
Helios Financial Services Fund Reg(G),EQ-FIN,Alok Bahl,0.9416666666666668,NORMAL
Baroda BNP Paribas NIFTY Midcap 150 Index Fund Reg(G),EQ-INDX,Neeraj Saxena,0.94,NORMAL
HDFC MNC Fund Reg(G),EQ-MNC,Rahul Baijal,0.9360000000000002,NORMAL
SBI Equity Savings Fund Reg(G),HY-EQ,Neeraj Kumar,0.931,NORMAL
Bandhan Retirement Fund Reg(G),HY-SOL,Vishal Biraia,0.93,NORMAL
Bandhan Nifty 100 Index Fund Reg(G),EQ-INDX,Nemish Sheth,0.9269999999999999,NORMAL
Kotak NIFTY Midcap 150 Momentum 50 Index Fund Reg(G),EQ-INDX,Devender Singhal,0.925,NORMAL
Aditya Birla SL Financial Planning FOF Conservative Plan(G),FOF-DOM,Vinod Narayan Bhat,0.9200000000000002,NORMAL
Aditya Birla SL Regular Savings Fund(G),HY-DT(CO),Mohit Sharma,0.9169999999999998,NORMAL
SBI Magnum Comma Fund Reg(G),EQ-THEM,Dinesh Balachandran,0.9149999999999998,NORMAL
HDFC NIFTY 100 Index Fund Reg(G),EQ-INDX,Nirman Morakhia,0.914,NORMAL
PGIM India Large Cap Fund(G),EQ-LC,Anandha Padmanabhan Anjeneyan,0.9119999999999999,NORMAL
Axis Nifty 100 Index Fund Reg(G),EQ-INDX,Karthik Kumar,0.9119999999999997,NORMAL
ICICI Pru Passive Multi Asset FoF(G),FOF-DOM,Sankaran Naren,0.9099999999999999,NORMAL
DSP Regular Savings Fund Reg(G),HY-DT(CO),Abhishek Singh,0.9099999999999999,NORMAL
Edelweiss Balanced Advantage Fund Reg(G),HY-DYN,Bhavesh Jain,0.9090000000000001,NORMAL
Tata Resources & Energy Fund Reg(G),EQ-POWER,Satish Chandra Mishra,0.907,NORMAL
Navi Flexi Cap Fund Reg(G),EQ-FLEX,Aditya Mulki,0.9069999999999998,NORMAL
Kotak Quant Fund Reg(G),EQ-THEM,Harsha Upadhyaya,0.906,NORMAL
ICICI Pru BSE Sensex ETF,EQ-ETF,Nishit Patel,0.9049999999999999,NORMAL
Invesco India Manufacturing Fund Reg(G),EQ-THEM,Amit Ganatra,0.9049999999999999,NORMAL
ICICI Pru US Bluechip Equity Fund(G),EQ-INTL,Ritesh Lunawat,0.9040000000000001,NORMAL
UTI BSE Sensex ETF,EQ-ETF,Sharwan Kumar Goyal,0.901,NORMAL
Nippon India ETF BSE Sensex,EQ-ETF,Himanshu Mange,0.901,NORMAL
SBI BSE Sensex ETF,EQ-ETF,Raviprakash Sharma,0.901,NORMAL
HDFC BSE Sensex ETF,EQ-ETF,Abhishek Mor,0.9,NORMAL
Aditya Birla SL BSE Sensex ETF,EQ-ETF,Priya Sridhar,0.899,NORMAL
Mirae Asset BSE Sensex ETF,EQ-ETF,Ekta Gala,0.8989999999999998,NORMAL
Motilal Oswal BSE Financials ex Bank 30 Index Fund Reg(G),EQ-INDX,Swapnil P Mayekar,0.898,NORMAL
Mirae Asset Nifty 100 ESG Sector Leaders ETF,EQ-ETF,Ekta Gala,0.8969999999999999,NORMAL
LIC MF BSE Sensex ETF,EQ-ETF,Sumit Bhatnagar,0.8940000000000001,NORMAL
Axis BSE Sensex ETF,EQ-ETF,Karthik Kumar,0.8940000000000001,NORMAL
Sundaram Nifty 100 Equal Weight Fund(G),EQ-INDX,Rohit Seksaria,0.8899999999999999,NORMAL
ICICI Pru BSE Sensex Index Fund(G),EQ-INDX,Nishit Patel,0.889,NORMAL
DSP BSE Sensex ETF,EQ-ETF,Anil Ghelani,0.8880000000000002,NORMAL
Mirae Asset Equity Savings Fund Reg(G),HY-EQ,Harshad Borawake,0.8869999999999999,NORMAL
Kotak BSE Sensex ETF,EQ-ETF,Devender Singhal,0.8850000000000001,NORMAL
Shriram Flexi Cap Fund Reg(G),EQ-FLEX,Deepak Ramaraju,0.884,NORMAL
Baroda BNP Paribas Equity Savings Fund Reg(G),HY-EQ,Pratish Krishnan,0.883,NORMAL
ICICI Pru Regular Savings Fund(G),HY-DT(CO),Manish Banthia,0.8829999999999998,NORMAL
DSP Global Allocation FoF Reg(G),FOF-OVR,Jay Kothari,0.8809999999999999,NORMAL
Kotak Nifty 50 ETF,EQ-ETF,Devender Singhal,0.8780000000000001,NORMAL
DSP Nifty 50 ETF,EQ-ETF,Anil Ghelani,0.8780000000000001,NORMAL
Nippon India ETF Nifty 50 BeES,EQ-ETF,Himanshu Mange,0.877,NORMAL
Bajaj Finserv Nifty 50 ETF,EQ-ETF,Ilesh Savla,0.8769999999999998,NORMAL
ICICI Pru Nifty 50 ETF,EQ-ETF,Nishit Patel,0.876,NORMAL
Aditya Birla SL Nifty 50 ETF,EQ-ETF,Priya Sridhar,0.876,NORMAL
Mirae Asset Nifty 50 ETF,EQ-ETF,Ekta Gala,0.876,NORMAL
UTI Nifty 50 ETF,EQ-ETF,Sharwan Kumar Goyal,0.876,NORMAL
HDFC Nifty 50 ETF,EQ-ETF,Abhishek Mor,0.876,NORMAL
SBI Nifty 50 ETF,EQ-ETF,Raviprakash Sharma,0.876,NORMAL
UTI BSE Sensex Index Fund Reg(G),EQ-INDX,Sharwan Kumar Goyal,0.8759999999999998,NORMAL
Tata Retirement Sav Fund   Cons Plan(G),HY-SOL,Sonam Udasi,0.875,NORMAL
Kotak Equity Savings Fund(G),HY-EQ,Devender Singhal,0.875,NORMAL
Axis NIFTY 50 ETF,EQ-ETF,Karthik Kumar,0.8740000000000002,NORMAL
Tata Nifty 50 ETF,EQ-ETF,Kapil Menon,0.8740000000000002,NORMAL
Motilal Oswal Nifty 50 ETF,EQ-ETF,Swapnil P Mayekar,0.874,NORMAL
Bandhan Nifty 50 ETF,EQ-ETF,Nemish Sheth,0.8730000000000002,NORMAL
LIC MF Nifty 50 ETF,EQ-ETF,Sumit Bhatnagar,0.8730000000000002,NORMAL
Bank of India Multi Asset Allocation Fund Reg(G),HY-MULTI,Mithraem Bharucha,0.873,NORMAL
HDFC BSE Sensex Index Fund(G)(Post Addendum),EQ-INDX,Nirman Morakhia,0.873,NORMAL
Invesco India Nifty 50 ETF,EQ-ETF,Kuber Mannadi,0.8720000000000002,NORMAL
Bandhan BSE Sensex ETF,EQ-ETF,Nemish Sheth,0.8719999999999999,NORMAL
Taurus Ethical Fund Reg(G),EQ-MLC,Anuj Kapil,0.8709999999999999,NORMAL
Mirae Asset Nifty 100 ESG Sector Leaders FoF Reg(G),FOF-DOM,Ekta Gala,0.8709999999999998,NORMAL
ICICI Pru Balanced Advantage Fund(G),HY-DYN,Manish Banthia,0.867,NORMAL
Nippon India Index Fund BSE Sensex Plan(G),EQ-INDX,Himanshu Mange,0.8620000000000001,NORMAL
Aditya Birla SL Medium Term Plan Reg(G),DT-MD,Sunaina da Cunha,0.8619999999999999,NORMAL
Mirae Asset Balanced Advantage Fund Reg(G),HY-DYN,Harshad Borawake,0.861,NORMAL
Sundaram Large Cap Fund Reg(G),EQ-LC,Ashwin Jain,0.861,NORMAL
SBI BSE Sensex Index Fund Reg(G),EQ-INDX,Raviprakash Sharma,0.8609999999999998,NORMAL
Parag Parikh Dynamic Asset Allocation Fund Reg(G),HY-DYN,Rajeev Thakkar,0.857,NORMAL
ITI Large Cap Fund Reg(G),EQ-LC,Alok Ranjan,0.8549999999999998,NORMAL
Motilal Oswal BSE Quality ETF,EQ-ETF,Swapnil P Mayekar,0.8539999999999999,NORMAL
Mahindra Manulife Balanced Advantage Fund Reg(G),HY-DYN,Manish Lodha,0.852,NORMAL
UTI Nifty 50 Index Fund Reg(G),EQ-INDX,Sharwan Kumar Goyal,0.8510000000000002,NORMAL
Quantum Nifty 50 ETF FoF Reg(G),FOF-DOM,Hitendra Parekh,0.851,NORMAL
HDFC Large Cap Fund(G),EQ-LC,Rahul Baijal,0.8490000000000002,NORMAL
Tata BSE Sensex Index Fund Reg(G),EQ-INDX,Kapil Menon,0.849,NORMAL
Samco ELSS Tax Saver Fund Reg(G),EQ-ELSS,Nirali Bhansali,0.8470000000000002,NORMAL
Tata Equity Savings Fund Reg(G),HY-EQ,Sailesh Jain,0.8470000000000001,NORMAL
Navi Nifty 50 Index Fund Reg(G),EQ-INDX,Aditya Mulki,0.8469999999999999,NORMAL
ICICI Pru Nifty 50 Index Fund(G),EQ-INDX,Nishit Patel,0.8469999999999999,NORMAL
HDFC Nifty 50 Index Fund(G)(Post Addendum),EQ-INDX,Nirman Morakhia,0.8460000000000001,NORMAL
Taurus Banking & Fin Serv Fund Reg(G),EQ-FIN,Anuj Kapil,0.8459999999999998,NORMAL
Mahindra Manulife Large & Mid Cap Fund Reg(G),EQ-L&M,Manish Lodha,0.8450000000000001,NORMAL
Axis Nifty 50 Index Fund Reg(G),EQ-INDX,Karthik Kumar,0.843,NORMAL
HDFC NIFTY Growth Sectors 15 ETF,EQ-ETF,Abhishek Mor,0.8429999999999997,NORMAL
Axis BSE Sensex Index Fund Reg(G),EQ-INDX,Karthik Kumar,0.8410000000000002,NORMAL
Sundaram Fin Serv Opp Fund(G),EQ-FIN,Rohit Seksaria,0.8400000000000002,NORMAL
WOC ESG Best In Class Strategy Fund Reg(G),EQ-THEM,Ramesh Mantri,0.84,NORMAL
SBI PSU Fund Reg(G),EQ-THEM,Rohit Shimpi,0.8399999999999996,NORMAL
360 ONE ELSS Tax Saver Nifty 50 Index Fund Reg(G),EQ-ELSS,Parijat Garg,0.8390000000000001,NORMAL
Aditya Birla SL Nifty 50 Index Fund Reg(G),EQ-INDX,Priya Sridhar,0.8390000000000001,NORMAL
DSP NIFTY 50 Index Fund Reg(G),EQ-INDX,Anil Ghelani,0.8390000000000001,NORMAL
Quantum Multi Asset Allocation Fund Reg(G),HY-MULTI,Chirag Mehta,0.8388888888888888,NORMAL
NJ ELSS Tax Saver Scheme Reg(G),EQ-ELSS,Viral Shah,0.8380000000000003,NORMAL
SBI Balanced Advantage Fund Reg(G),HY-DYN,Dinesh Balachandran,0.8380000000000001,NORMAL
SBI Nifty Index Fund Reg(G),EQ-INDX,Raviprakash Sharma,0.8379999999999999,NORMAL
Shriram Aggressive Hybrid Fund Reg(G),HY-EQ,Deepak Ramaraju,0.8379999999999999,NORMAL
Mirae Asset Nifty MidSmallcap400 Momentum Quality 100 ETF FoF Reg(G),FOF-DOM,Ekta Gala,0.8371428571428573,NORMAL
Baroda BNP Paribas Nifty 50 Index Fund Reg(G),EQ-INDX,Neeraj Saxena,0.8370000000000001,NORMAL
HSBC Nifty 50 Index Fund Reg(G),EQ-INDX,Praveen Ayathan,0.837,NORMAL
Kotak Debt Hybrid Fund(G),HY-DT(CO),Shibani Kurian,0.836,NORMAL
Canara Rob Conservative Hybrid Fund Reg(G),HY-DT(CO),Avnish Jain,0.834,NORMAL
Franklin India NSE Nifty 50 Index Fund(G),EQ-INDX,Shyam Sundar Sriram,0.8339999999999999,NORMAL
Motilal Oswal Nifty 50 Index Fund Reg(G),EQ-INDX,Swapnil P Mayekar,0.833,NORMAL
Groww Largecap Fund Reg(G),EQ-LC,Anupam Tiwari,0.8319999999999999,NORMAL
Nippon India Index Fund Nifty 50 Plan(G),EQ-INDX,Himanshu Mange,0.8309999999999998,NORMAL
Tata NIFTY 50 Index Fund Reg(G),EQ-INDX,Kapil Menon,0.8289999999999997,NORMAL
Navi BSE Sensex Index Fund Reg(G),EQ-INDX,Aditya Mulki,0.8270000000000002,NORMAL
SBI Conservative Hybrid Fund Reg(G),HY-DT(CO),Saurabh Pant,0.8260000000000002,NORMAL
Tata Nifty India Tourism Index Fund Reg(G),EQ-INDX,Kapil Menon,0.826,NORMAL
Kotak Nifty 50 Index Fund Reg(G),EQ-INDX,Devender Singhal,0.825,NORMAL
UTI Nifty 500 Value 50 Index Fund Reg(G),EQ-INDX,Sharwan Kumar Goyal,0.825,NORMAL
Tata Nifty Pvt Bank ETF,EQ-ETF,Kapil Menon,0.8229999999999998,NORMAL
Axis Equity Savings Fund Reg(G),HY-EQ,Mayank Hyanki,0.8220000000000001,NORMAL
Parag Parikh Conservative Hybrid Fund Reg(G),HY-DT(CO),Rajeev Thakkar,0.8220000000000001,NORMAL
Taurus Mid Cap Fund Reg(G),EQ-MID,Anuj Kapil,0.8210000000000003,NORMAL
Franklin India Debt Hybrid Fund(G),HY-DT(CO),Rohan Maru,0.821,NORMAL
SBI Silver ETF,GOLD-ETF,Vandna Soni,0.8200000000000003,NORMAL
DSP Nifty Private Bank ETF,EQ-ETF,Anil Ghelani,0.8190000000000002,NORMAL
ICICI Pru Nifty Private Bank ETF,EQ-ETF,Nishit Patel,0.817,NORMAL
HDFC NIFTY Private Bank ETF,EQ-ETF,Abhishek Mor,0.817,NORMAL
SBI Nifty Private Bank ETF,EQ-ETF,Harsh Sethi,0.8150000000000001,NORMAL
Bandhan Nifty 50 Index Fund Reg(G),EQ-INDX,Nemish Sheth,0.8139999999999998,NORMAL
Bandhan ELSS Tax Saver Fund Reg(G),EQ-ELSS,Daylynn Pinto,0.8130000000000001,NORMAL
CPSE ETF,EQ-ETF,Himanshu Mange,0.813,NORMAL
Kotak Nifty India Tourism Index Fund Reg(G),EQ-INDX,Devender Singhal,0.8099999999999999,NORMAL
LIC MF BSE Sensex Index Fund Reg(G),EQ-INDX,Sumit Bhatnagar,0.8090000000000002,NORMAL
Quant Value Fund Reg(G),EQ-VAL,Sandeep Tandon,0.8080000000000002,NORMAL
Edelweiss Nifty 50 Index Fund Reg(G),EQ-INDX,Bhavesh Jain,0.8039999999999997,NORMAL
Kotak Nifty 100 Low Volatility 30 ETF,EQ-ETF,Devender Singhal,0.8019999999999999,NORMAL
Tata India Innovation Fund Reg(G),EQ-THEM,Meeta Shetty,0.8,NORMAL
Mirae Asset Nifty 100 Low Volatility 30 ETF,EQ-ETF,Ekta Gala,0.7979999999999998,NORMAL
Axis Equity ETFs FoF Reg(G),EQ-ETF,Karthik Kumar,0.7899999999999998,NORMAL
Bharat 22 ETF,EQ-ETF,Nishit Patel,0.7889999999999998,NORMAL
Groww Value Fund Reg(G),EQ-VAL,Anupam Tiwari,0.7870000000000001,NORMAL
LIC MF Nifty 50 Index Fund(G),EQ-INDX,Sumit Bhatnagar,0.7869999999999999,NORMAL
DSP Natural Res & New Energy Fund Reg(G),EQ-POWER,Rohit Singhania,0.7860000000000001,NORMAL
Groww Aggressive Hybrid Fund Reg(G),HY-EQ,Anupam Tiwari,0.7859999999999999,NORMAL
Navi ELSS Tax Saver Nifty 50 Index Fund Reg(G),EQ-ELSS,Aditya Mulki,0.7850000000000001,NORMAL
HDFC NIFTY100 Low Volatility 30 ETF,EQ-ETF,Abhishek Mor,0.785,NORMAL
Motilal Oswal BSE Quality Index Fund Reg(G),EQ-INDX,Swapnil P Mayekar,0.7829999999999998,NORMAL
SBI Retirement Benefit Fund Conservative Hybrid Plan Reg(G),HY-SOL,Rohit Shimpi,0.7790000000000001,NORMAL
Union Largecap Fund Reg(G),EQ-LC,Sanjay Bembalkar,0.778,NORMAL
ICICI Pru Nifty 100 Low Volatility 30 ETF,EQ-ETF,Nishit Patel,0.7760000000000001,NORMAL
Aditya Birla SL Retirement Fund 50 Reg(G),HY-SOL,Mohit Sharma,0.773,NORMAL
ICICI Pru Bharat 22 FOF (G),FOF-DOM,Nishit Patel,0.7680000000000002,NORMAL
Baroda BNP Paribas Conservative Hybrid Fund Reg(G),HY-DT(CO),Pratish Krishnan,0.767,NORMAL
SBI Silver ETF FOF Reg(G),FOF-DOM,Harsh Sethi,0.766,NORMAL
Taurus Nifty 50 Index Fund Reg(G),EQ-INDX,Anuj Kapil,0.765,NORMAL
ICICI Pru Retirement Fund Hybrid Cons Plan(G),HY-SOL,Lalit Kumar,0.76,NORMAL
Quant Mid Cap Fund(G),EQ-MID,Ankit Pande,0.759,NORMAL
Kotak Income Plus Arbitrage FOF Reg(G),FOF-DOM,Abhishek Bisen,0.759,NORMAL
Quant Large & Mid Cap Fund(G),EQ-L&M,Ankit Pande,0.7589999999999999,NORMAL
UTI Nifty 10 yr Benchmark G Sec ETF,DT-ETF,Jaydeep Bhowal,0.756,NORMAL
Edelweiss CRISIL IBX 50:50 Gilt Plus SDL April 2037 Index Fund Reg(G),DT-LD,Dhawal Dalal,0.7539999999999999,NORMAL
HDFC NIFTY G Sec Jun 2036 Index Fund Reg(G),DT-LD,Anupam Joshi,0.7510000000000001,NORMAL
Bank of India Short Term Income Fund Reg(G),DT-SD,Mithraem Bharucha,0.7500000000000001,NORMAL
ICICI Pru Nifty 100 Low Volatility 30 ETF FOF(G),EQ-ETF,Nishit Patel,0.7500000000000001,NORMAL
Nippon India Nifty G Sec Jun 2036 Maturity Index Fund Reg(G),DT-GILT,Vivek Sharma,0.749,NORMAL
JM Large Cap Fund Reg(G),EQ-LC,Satish Ramanathan,0.7479999999999999,NORMAL
BHARAT Bond ETF   April 2033,DT-ETF,Dhawal Dalal,0.745,NORMAL
ICICI Pru Nifty Alpha Low   Volatility 30 ETF,EQ-ETF,Nishit Patel,0.7449999999999999,NORMAL
Quant Momentum Fund Reg(G),EQ-THEM,Sandeep Tandon,0.744,NORMAL
Samco Dynamic Asset Allocation Fund Reg(G),HY-DYN,Umeshkumar Mehta,0.7430000000000001,NORMAL
ITI Balanced Advantage Fund Reg(G),HY-DYN,Rajesh Bhatia,0.743,NORMAL
ICICI Pru Nifty FMCG ETF,EQ-ETF,Nishit Patel,0.7419999999999999,NORMAL
Aditya Birla SL Intl. Equity Fund(G),EQ-INTL,Dhaval Joshi,0.7419999999999999,NORMAL
LIC MF Equity Savings Fund(G),HY-EQ,Sumit Bhatnagar,0.7390000000000001,NORMAL
UTI CRISIL SDL Maturity April 2033 Index Fund Reg(G),DT-LD,Sunil Patil,0.7380000000000001,NORMAL
Nippon India ETF Nifty 8 13 yr G Sec Long Term Gilt,DT-ETF,Pranay Sinha,0.738,NORMAL
Axis Gilt Fund Reg(G),DT-GILT,Devang Shah,0.737,NORMAL
Nippon India Retirement Fund Income Generation(G),HY-SOL,Pranay Sinha,0.7369999999999999,NORMAL
SBI CRISIL IBX Gilt Index   June 2036 Fund Reg(G),DT-LD,Ranjana Gupta,0.736,NORMAL
Axis CRISIL IBX SDL June 2034 Debt Index Fund Reg(G),DT-LD,Hardik Shah,0.7333333333333333,NORMAL
Motilal Oswal Balanced Advantage Fund Reg(G),HY-DYN,Santosh Singh,0.7310000000000001,NORMAL
Mirae Asset Nifty 8 13 yr G Sec ETF,DT-ETF,Amit Modani,0.731,NORMAL
LIC MF Nifty 8 13 yr G Sec ETF,DT-ETF,Marzban Irani,0.731,NORMAL
Bandhan Asset Alloc FoF Cons Reg(G),FOF-DOM,Viraj Kulkarni,0.7300000000000001,NORMAL
Axis Long Duration Fund Reg(G),DT-LD,Devang Shah,0.7300000000000001,NORMAL
Axis Floater Fund Reg(G),DT-FL,Aditya Pagaria,0.73,NORMAL
BHARAT Bond ETF   April 2032,DT-ETF,Dhawal Dalal,0.729,NORMAL
Bandhan G Sec Constant Maturity Plan Reg(G),DT-GL10Y,Harshal Joshi,0.726,NORMAL
Kotak Nifty SDL Jul 2033 Index Fund Reg(G),DT-LD,Abhishek Bisen,0.724,NORMAL
Sundaram Global Brand Fund(G),FOF-OVR,Patanjali Srinivasan,0.724,NORMAL
DSP CRISIL SDL Plus G Sec Apr 2033 50:50 Index Fund Reg(G),DT-LD,Shantanu Godambe,0.7220000000000002,NORMAL
Invesco India Nifty G sec Sep 2032 Index Fund Reg(G),DT-LD,Krishna Cheemalapati,0.7220000000000001,NORMAL
Nippon India Nivesh Lakshya Fund(G),DT-LD,Pranay Sinha,0.7219999999999999,NORMAL
SBI Nifty 10 yr Benchmark G Sec ETF,DT-ETF,Tejas Soman,0.72,NORMAL
HDFC Nifty G Sec Sep 2032 Index Fund Reg(G),DT-GILT,Anupam Joshi,0.72,NORMAL
Bandhan CRISIL IBX 90:10 SDL Plus Gilt   April 2032 Index Fund Reg(G),DT-LD,Gautam Kaul,0.72,NORMAL
HDFC Retirement Savings Fund Hybrid Debt Plan Reg(G),HY-SOL,Srinivasan Ramamurthy,0.718,NORMAL
Aditya Birla SL Long Duration Fund Reg(G),DT-LD,Harshil Suvarnkar,0.7170000000000001,NORMAL
Axis Retirement Fund Conservative Plan Reg(G),HY-SOL,Jayesh Sundar,0.7170000000000001,NORMAL
Kotak Nifty SDL Apr 2032 Top 12 Equal Weight Index Fund Reg(G),DT-LD,Abhishek Bisen,0.717,NORMAL
DSP Floater Fund Reg(G),DT-FL,Shantanu Godambe,0.715,NORMAL
HDFC Hybrid Debt Fund(G),HY-DT(CO),Srinivasan Ramamurthy,0.7140000000000001,NORMAL
Mirae Asset CRISIL IBX Gilt Index   April 2033 Index Fund Reg(G),DT-GILT,Amit Modani,0.714,NORMAL
Bandhan BSE Healthcare Index Fund Reg(G),EQ-INDX,Nemish Sheth,0.7133333333333334,NORMAL
ICICI Pru Constant Maturity Gilt Fund(G),DT-GL10Y,Manish Banthia,0.7120000000000001,NORMAL
ICICI Pru Nifty 10 yr Benchmark G Sec ETF,DT-GL10Y,Darshil Dedhia,0.712,NORMAL
Aditya Birla SL Equity Savings Fund Reg(G),HY-EQ,Lovelish Solanki,0.7110000000000001,NORMAL
Bandhan US Treasury Bond 0 1 year FoF Reg(G),FOF-OVR,Brijesh Shah,0.711,NORMAL
Aditya Birla SL CRISIL IBX Gilt April 2033 Index Fund Reg(G),DT-LD,Bhupesh Bameta,0.71,NORMAL
Union Balanced Advantage Fund Reg(G),HY-DYN,Sanjay Bembalkar,0.7090000000000001,NORMAL
Baroda BNP Paribas Gilt Fund Reg(G),DT-GILT,Gurvinder Singh Wasan,0.708,NORMAL
Bandhan CRISIL IBX Gilt April 2032 Index Fund Reg(G),DT-LD,Gautam Kaul,0.7070000000000001,NORMAL
ICICI Pru Long Term Bond Fund(G),DT-LD,Manish Banthia,0.7070000000000001,NORMAL
HDFC Long Duration Debt Fund Reg(G),DT-LD,Shobhit Mehrotra,0.7060000000000001,NORMAL
DSP Nifty 50 Equal Weight ETF,EQ-ETF,Anil Ghelani,0.7050000000000002,NORMAL
UTI Equity Savings Fund Reg(G),HY-EQ,V. Srivatsa,0.7030000000000001,NORMAL
Aditya Birla SL US Treasury 1 3 year Bond ETFs FoF Reg(G),DT-ETF,Vighnesh Gupta,0.703,NORMAL
HDFC Nifty G Sec Jul 2031 Index Fund Reg(G),DT-GILT,Anupam Joshi,0.7020000000000001,NORMAL
Bandhan Nifty100 Low Volatility 30 Index Fund Reg(G),EQ-INDX,Nemish Sheth,0.7020000000000001,NORMAL
SBI Retirement Benefit Fund Conservative Plan Reg(G),HY-SOL,Rohit Shimpi,0.7010000000000001,NORMAL
Nippon India Nifty Alpha Low Volatility 30 Index Fund(G),EQ-INDX,Himanshu Mange,0.701,NORMAL
UTI Nifty 5 yr Benchmark G Sec ETF,DT-ETF,Jaydeep Bhowal,0.701,NORMAL
Franklin India Equity Savings Fund(G),HY-EQ,Rajasa Kakulavarapu,0.7000000000000001,NORMAL
Kotak Nifty G Sec July 2033 Index Fund Reg(G),DT-LD,Abhishek Bisen,0.6990000000000001,NORMAL
SBI Magnum Constant Maturity Fund Reg(G),DT-GL10Y,Tejas Soman,0.6990000000000001,NORMAL
Aditya Birla SL CRISIL IBX SDL Jun 2032 Index Fund Reg(G),DT-LD,Bhupesh Bameta,0.6950000000000001,NORMAL
Bank of India Bluechip Fund Reg(G),EQ-LC,Alok Singh,0.6940000000000003,NORMAL
ICICI Pru Nifty G Sec Dec 2030 Index Fund Reg(G),DT-M&LD,Darshil Dedhia,0.6920000000000001,NORMAL
DSP 10Y G Sec Fund Reg(G),DT-GL10Y,Shantanu Godambe,0.6910000000000001,NORMAL
SBI Long Duration Fund Reg(G),DT-LD,Tejas Soman,0.6900000000000001,NORMAL
Nippon India ETF Nifty 5 yr Benchmark G Sec,DT-ETF,Pranay Sinha,0.6900000000000001,NORMAL
BHARAT Bond ETF   April 2030,DT-ETF,Dhawal Dalal,0.69,NORMAL
BHARAT Bond ETF FOF   April 2033  Reg(G),FOF-DOM,Rahul Dedhia,0.6890000000000001,NORMAL
BHARAT Bond ETF   April 2031,DT-ETF,Dhawal Dalal,0.689,NORMAL
UTI Gilt Fund with 10 year Constant Duration Reg(G),DT-GL10Y,Jaydeep Bhowal,0.689,NORMAL
Kotak Long Duration Fund Reg(G),DT-LD,Abhishek Bisen,0.6877777777777777,NORMAL
Axis All Seasons Debt FOFs Reg(G),FOF-DOM,Devang Shah,0.687,NORMAL
ICICI Pru FMCG Fund(G),EQ-CONS,Priyanka Khandelwal,0.6859999999999999,NORMAL
Baroda BNP Paribas Value Fund Reg(G),EQ-VAL,Shiv Chanani,0.6859999999999999,NORMAL
360 ONE Dynamic Bond Fund Reg(G),DT-DYN,Milan Mody,0.685,NORMAL
Nippon India Nifty SDL Plus G Sec   Jun 2029 Maturity 70:30 Index Fund Reg(G),DT-M&LD,Vivek Sharma,0.684,NORMAL
ICICI Pru Nifty 5 yr Benchmark G SEC ETF,DT-M&LD,Darshil Dedhia,0.6839999999999999,NORMAL
BHARAT Bond FOF   April 2031  Reg(G),FOF-DOM,Rahul Dedhia,0.6839999999999999,NORMAL
HDFC Equity Savings Fund(G),HY-EQ,Srinivasan Ramamurthy,0.683,NORMAL
Axis Strategic Bond Fund Reg(G),DT-MD,Devang Shah,0.683,NORMAL
LIC MF Conservative Hybrid Fund(G),HY-DT(CO),Pratik Shroff,0.6829999999999999,NORMAL
Motilal Oswal BSE Enhanced Value ETF,EQ-ETF,Swapnil P Mayekar,0.6820000000000002,NORMAL
HDFC Gilt Fund(G),DT-GILT,Anil Bamboli,0.682,NORMAL
ICICI Pru Nifty SDL Dec 2028 Index Fund Reg(G),DT-M&LD,Darshil Dedhia,0.681,NORMAL
Tata Balanced Adv Fund Reg(G),HY-DYN,Rahul Singh (Tata),0.6809999999999998,NORMAL
Aditya Birla SL Dynamic Bond Fund Reg(G),DT-DYN,Mohit Sharma,0.68,NORMAL
Aditya Birla SL CRISIL IBX Gilt Apr 2029 Index Fund Reg(G),DT-GILT,Harshil Suvarnkar,0.679,NORMAL
BHARAT Bond ETF FOF   April 2032  Reg(G),FOF-DOM,Rahul Dedhia,0.678,NORMAL
Nippon India Credit Risk Fund(G),DT-CR,Sushil Budhia,0.676,NORMAL
Axis Quant Fund Reg(G),EQ-THEM,Karthik Kumar,0.6759999999999999,NORMAL
ICICI Pru Equity Savings Fund(G),HY-EQ,Dharmesh Kakkad,0.6759999999999999,NORMAL
Nippon India Dynamic Bond Fund(G),DT-DYN,Pranay Sinha,0.675,NORMAL
Kotak Floating Rate Fund Reg(G),DT-FL,Deepak Agrawal,0.675,NORMAL
Aditya Birla SL Corp Bond Fund(G),DT-CORP,Kaustubh Gupta,0.6740000000000002,NORMAL
Aditya Birla SL CRISIL Broad Based Gilt ETF,DT-ETF,Kaustubh Gupta,0.674,NORMAL
NJ Flexi Cap Fund Reg(G),EQ-FLEX,Dhaval Patel,0.674,NORMAL
HDFC NIFTY G Sec Apr 2029 Index Fund Reg(G),DT-M&LD,Anupam Joshi,0.6739999999999999,NORMAL
DSP Gilt Fund Reg(G),DT-GILT,Shantanu Godambe,0.6739999999999999,NORMAL
Bandhan Long Duration Fund Reg(G),DT-LD,Gautam Kaul,0.6733333333333333,NORMAL
HDFC Floating Rate Debt Fund(G),DT-FL,Shobhit Mehrotra,0.673,NORMAL
HDFC Corp Bond Fund(G),DT-CORP,Anupam Joshi,0.6729999999999999,NORMAL
ICICI Pru Bond Fund(G),DT-M&LD,Manish Banthia,0.672,NORMAL
SBI CRISIL IBX Gilt Index   Apr 2029 Fund Reg(G),DT-M&LD,Ranjana Gupta,0.671,NORMAL
Motilal Oswal Nifty 5 Year Benchmark G Sec ETF,DT-ETF,Rakesh Shetty,0.671,NORMAL
Nippon India Strategic Debt Fund(G),DT-MD,Sushil Budhia,0.6709999999999999,NORMAL
SBI Floating Rate Debt Fund Reg(G),DT-FL,Ardhendu Bhattacharya,0.6689999999999999,NORMAL
HSBC Managed Solutions India Conservative(G),FOF-DOM,Gautam Bhupal,0.668,NORMAL
Franklin India Floating Rate Fund(G),DT-FL,Pallab Roy,0.6679999999999999,NORMAL
DSP Strategic Bond Fund Reg(G),DT-DYN,Sandeep Yadav,0.6679999999999999,NORMAL
Tata Nifty G Sec Dec 2029 Index Fund Reg(G),DT-M&LD,Amit Somani,0.667,NORMAL
Axis CRISIL IBX AAA Bond NBFC   Jun 2027 Index Fund Reg(G),DT-M&LD,Aditya Pagaria,0.6666666666666666,NORMAL
BHARAT Bond FOF   April 2030  Reg(G),FOF-DOM,Rahul Dedhia,0.666,NORMAL
Baroda BNP Paribas NIFTY SDL Dec 2028 Index Fund Reg(G),DT-M&LD,Gurvinder Singh Wasan,0.6659999999999999,NORMAL
ICICI Pru All Seasons Bond Fund(G),DT-DYN,Manish Banthia,0.665,NORMAL
Bandhan G Sec Invest Reg(G),DT-GILT,Suyash Choudhary,0.6649999999999999,NORMAL
ICICI Pru Floating Interest Fund(G),DT-FL,Ritesh Lunawat,0.6649999999999999,NORMAL
SBI Magnum Gilt Fund Reg(G),DT-GILT,Rajeev Radhakrishnan,0.6639999999999999,NORMAL
Aditya Birla SL CRISIL 10 Year Gilt ETF,DT-ETF,Bhupesh Bameta,0.6625,NORMAL
Nippon India Floating Rate Fund(G),DT-FL,Vikash Agarwal,0.661,NORMAL
Nippon India Corp Bond Fund(G),DT-CORP,Vivek Sharma,0.6609999999999999,NORMAL
Kotak CRISIL IBX AAA Financial Services Index   Sep 2027 Fund Reg(G),DT-M&LD,Abhishek Bisen,0.66,NORMAL
DSP Banking & PSU Debt Fund Reg(G),DT-B&PSU,Shantanu Godambe,0.66,NORMAL
HDFC NIFTY50 Equal Weight Index Fund Reg(G),EQ-INDX,Nirman Morakhia,0.6590000000000001,NORMAL
ICICI Pru Debt Mgmt Fund(FOF)(G),FOF-DOM,Manish Banthia,0.659,NORMAL
Motilal Oswal 5 Year G Sec FoF Reg(G),FOF-DOM,Rakesh Shetty,0.658,NORMAL
Quantum Dynamic Bond Fund Reg(G),DT-DYN,Pankaj Pathak,0.657,NORMAL
HDFC Short Term Debt Fund(G),DT-SD,Anil Bamboli,0.657,NORMAL
Kotak Corporate Bond Fund(G),DT-CORP,Deepak Agrawal,0.657,NORMAL
LIC MF Medium to Long Duration Fund Reg(G),DT-M&LD,Marzban Irani,0.657,NORMAL
Baroda BNP Paribas Credit Risk Fund Reg(G),DT-CR,Gurvinder Singh Wasan,0.656,NORMAL
Axis Dynamic Bond Fund Reg(G),DT-DYN,Devang Shah,0.656,NORMAL
Axis CRISIL IBX 50:50 Gilt Plus SDL June 2028 Index Fund Reg(G),DT-M&LD,Hardik Shah,0.6559999999999999,NORMAL
Nippon India Nifty SDL Plus G Sec Jun 2028 Maturity 70:30 Index Fund Reg(G),DT-M&LD,Vivek Sharma,0.655,NORMAL
Mirae Asset Nifty SDL June 2028 Index Fund Reg(G),DT-M&LD,Mahendra Kumar Jajoo,0.655,NORMAL
Axis Credit Risk Fund Reg(G),DT-CR,Devang Shah,0.655,NORMAL
Union Gilt Fund Reg(G),DT-GILT,Parijat Agrawal,0.655,NORMAL
HDFC Income Fund(G),DT-M&LD,Shobhit Mehrotra,0.6540000000000001,NORMAL
HSBC Dynamic Bond Fund Reg(G),DT-DYN,Mahesh Chhabria,0.6540000000000001,NORMAL
Mirae Asset Nifty SDL Jun 2027 Index Fund Reg(G),DT-M&LD,Amit Modani,0.654,NORMAL
Edelweiss CRISIL IBX 50:50 Gilt Plus SDL Sep 2028 Index Fund Reg(G),DT-M&LD,Dhawal Dalal,0.654,NORMAL
Invesco India Gilt Fund(G),DT-GILT,Vikas Garg,0.6539999999999999,NORMAL
Edelweiss Multi Asset Allocation Fund Reg(G),HY-MULTI,Bhavesh Jain,0.6539999999999999,NORMAL
Bandhan Floating Rate Fund Reg(G),DT-FL,Brijesh Shah,0.6529999999999999,NORMAL
Axis CRISIL IBX SDL May 2027 Index Fund Reg(G),DT-M&LD,Hardik Shah,0.6520000000000001,NORMAL
Kotak Dynamic Bond Fund Reg(G),DT-DYN,Deepak Agrawal,0.652,NORMAL
UTI Nifty SDL Plus AAA PSU Bond Apr 2028 75:25 Index Fund Reg(G),DT-M&LD,Sunil Patil,0.652,NORMAL
Aditya Birla SL CRISIL IBX 50:50 Gilt Plus SDL Apr 2028 Index Fund Reg(G),DT-M&LD,Mohit Sharma,0.6519999999999999,NORMAL
Tata Corp Bond Fund Reg(G),DT-CORP,Abhishek Sonthalia,0.6519999999999999,NORMAL
SBI Credit Risk Fund Reg(G),DT-CR,Lokesh Mallya,0.6519999999999999,NORMAL
HDFC Dynamic Debt Fund(G),DT-DYN,Anil Bamboli,0.651,NORMAL
Kotak Medium Term Fund(G),DT-MD,Deepak Agrawal,0.651,NORMAL
ICICI Pru Nifty SDL Sep 2027 Index Fund Reg(G),DT-M&LD,Darshil Dedhia,0.65,NORMAL
ICICI Pru Corp Bond Fund(G),DT-CORP,Manish Banthia,0.6499999999999999,NORMAL
PGIM India Dynamic Bond Fund(G),DT-DYN,Puneet Pal,0.6499999999999999,NORMAL
Edelweiss Government Securities Fund Reg(G),DT-GILT,Rahul Dedhia,0.649,NORMAL
Baroda BNP Paribas Corp Bond Fund(G),DT-CORP,Gurvinder Singh Wasan,0.6460000000000001,NORMAL
Mirae Asset Corp Bond Fund Reg(G),DT-CORP,Amit Modani,0.6459999999999999,NORMAL
DSP Nifty SDL Plus G Sec Jun 2028 30:70 Index Fund Reg(G),DT-M&LD,Shantanu Godambe,0.6459999999999999,NORMAL
Aditya Birla SL Income Fund(G),DT-M&LD,Bhupesh Bameta,0.6459999999999999,NORMAL
ICICI Pru Medium Term Bond Fund(G),DT-MD,Manish Banthia,0.6459999999999999,NORMAL
Nippon India Nifty G Sec Oct 2028 Maturity Index Fund Reg(G),DT-M&LD,Vivek Sharma,0.6450000000000001,NORMAL
Kotak Nifty SDL Plus AAA PSU Bond Jul 2028 60:40 Index Fund Reg(G),DT-M&LD,Abhishek Bisen,0.645,NORMAL
Bandhan Conservative Hybrid Fund Reg(G),HY-DT(CO),Viraj Kulkarni,0.645,NORMAL
ICICI Pru Gilt Fund(G),DT-GILT,Manish Banthia,0.645,NORMAL
ICICI Pru Savings Fund(G),DT-LOWD,Nikhil Kabra,0.6449999999999999,NORMAL
Aditya Birla SL Nifty SDL Sep 2027 Index Fund Reg(G),DT-MD,Harshil Suvarnkar,0.6449999999999999,NORMAL
Nippon India Gilt Securities Fund(G),DT-GILT,Pranay Sinha,0.644,NORMAL
Sundaram Banking & PSU Fund(G),DT-B&PSU,Sandeep Agarwal,0.644,NORMAL
SBI CRISIL IBX SDL Index   Sep 2027 Fund Reg(G),DT-M&LD,Ranjana Gupta,0.644,NORMAL
HSBC CRISIL IBX 50:50 Gilt Plus SDL Apr 2028 Index Fund Reg(G),DT-M&LD,Kapil Punjabi,0.644,NORMAL
DSP Nifty 50 Equal Weight Index Fund Reg(G),EQ-INDX,Anil Ghelani,0.6439999999999999,NORMAL
SBI Magnum Medium Duration Fund Reg(G),DT-MD,Lokesh Mallya,0.6439999999999999,NORMAL
Aditya Birla SL Floating Rate Fund(G),DT-FL,Kaustubh Gupta,0.643,NORMAL
Kotak Nifty SDL Apr 2027 Top 12 Equal Weight Index Fund Reg(G),DT-M&LD,Abhishek Bisen,0.643,NORMAL
UTI Gilt Fund Reg(G),DT-GILT,Sudhir Agarwal,0.642,NORMAL
UTI CRISIL SDL Maturity June 2027 Index Fund Reg(G),DT-M&LD,Sunil Patil,0.641,NORMAL
Axis Conservative Hybrid Fund Reg(G),HY-DT(CO),Devang Shah,0.6409999999999999,NORMAL
UTI Credit Risk Fund Reg(G),DT-CR,Ritesh Nambiar,0.6409999999999999,NORMAL
Aditya Birla SL G Sec Fund(G),DT-GILT,Bhupesh Bameta,0.6409999999999999,NORMAL
SBI Nifty50 Equal Weight Index Fund Reg(G),EQ-INDX,Viral Chhadva,0.6409999999999999,NORMAL
ICICI Pru Nifty PSU Bond Plus SDL Sep 2027 40:60 Index Fund Reg(G),DT-M&LD,Darshil Dedhia,0.6400000000000001,NORMAL
Kotak Gilt Fund PF&Trust(G),DT-GILT,Abhishek Bisen,0.64,NORMAL
Kotak Gilt Fund Reg(G),DT-GILT,Abhishek Bisen,0.64,NORMAL
Axis Short Duration Fund Reg(G),DT-SD,Devang Shah,0.6399999999999999,NORMAL
Invesco India Corporate Bond Fund(G),DT-CORP,Vikas Garg,0.639,NORMAL
SBI Dynamic Bond Fund Reg(G),DT-DYN,Rajeev Radhakrishnan,0.639,NORMAL
ICICI Pru Nifty50 Equal Weight Index Fund Reg(G),EQ-INDX,Nishit Patel,0.639,NORMAL
SBI Corp Bond Fund Reg(G),DT-CORP,Rajeev Radhakrishnan,0.639,NORMAL
Sundaram Corp Bond Fund(G),DT-CORP,Dwijendra Srivastava,0.639,NORMAL
Nippon India Short Term Fund(G),DT-SD,Sushil Budhia,0.638,NORMAL
Bandhan CRISIL IBX 90:10 SDL Plus Gilt   Sep 2027 Index Fund Reg(G),DT-GILT,Gautam Kaul,0.638,NORMAL
Sundaram Short Duration Fund(G),DT-SD,Dwijendra Srivastava,0.638,NORMAL
UTI Medium to Long Duration Fund Reg(G),DT-M&LD,Sunil Patil,0.6379999999999999,NORMAL
Aditya Birla SL Nifty 50 Equal Weight Index Fund Reg(G),EQ-INDX,Priya Sridhar,0.6379999999999998,NORMAL
HSBC Medium Duration Fund Reg(G),DT-MD,Shriram Ramanathan,0.637,NORMAL
Axis Corp Bond Fund Reg(G),DT-CORP,Devang Shah,0.6369999999999999,NORMAL
Aditya Birla SL Savings Fund Reg(G),DT-USD,Kaustubh Gupta,0.636,NORMAL
Baroda BNP Paribas Dynamic Bond Fund(G),DT-DYN,Prashant Pimple,0.6359999999999999,NORMAL
Union Corporate Bond Fund Reg(G),DT-CORP,Parijat Agrawal,0.6359999999999999,NORMAL
Tata Nifty SDL Plus AAA PSU Bond Dec 2027 60:40 Index Fund Reg(G),DT-M&LD,Amit Somani,0.635,NORMAL
UTI NIFTY50 Equal Weight Index Fund Reg(G),EQ-INDX,Sharwan Kumar Goyal,0.635,NORMAL
Bandhan Bond Fund   Short Term Plan Reg(G),DT-SD,Suyash Choudhary,0.635,NORMAL
Mahindra Manulife Equity Savings Fund Reg(G),HY-EQ,Manish Lodha,0.635,NORMAL
ICICI Pru Credit Risk Fund(G),DT-CR,Manish Banthia,0.635,NORMAL
DSP Credit Risk Fund Reg(G),DT-CR,Vivekanand Ramakrishnan,0.6340000000000001,NORMAL
Aditya Birla SL Short Term Fund(G),DT-SD,Kaustubh Gupta,0.634,NORMAL
HDFC Credit Risk Debt Fund (G),DT-CR,Shobhit Mehrotra,0.633,NORMAL
Kotak Banking and PSU Debt Fund(G),DT-B&PSU,Deepak Agrawal,0.6320000000000001,NORMAL
Axis CRISIL IBX 50:50 Gilt Plus SDL Sep 2027 Index Fund Reg(G),DT-M&LD,Aditya Pagaria,0.632,NORMAL
ICICI Pru Short Term Fund(G),DT-SD,Manish Banthia,0.6319999999999999,NORMAL
DSP Nifty SDL Plus G Sec Sep 2027 50:50 Index Fund Reg(G),DT-M&LD,Shantanu Godambe,0.6319999999999999,NORMAL
Axis Nifty SDL Sep 2026 Debt Index Fund Reg(G),DT-MD,Aditya Pagaria,0.631,NORMAL
HDFC NIFTY SDL Plus G Sec Jun 2027 40:60 Index Fund Reg(G),DT-MD,Anupam Joshi,0.631,NORMAL
Bandhan All Seasons Bond Fund Reg(G),FOF-DOM,Harshal Joshi,0.631,NORMAL
SBI Magnum Income Fund Reg(G),DT-M&LD,Lokesh Mallya,0.6300000000000001,NORMAL
BHARAT Bond ETF   April 2025,DT-ETF,Dhawal Dalal,0.63,NORMAL
ICICI Pru Banking & PSU Debt Fund(G),DT-B&PSU,Manish Banthia,0.6299999999999999,NORMAL
Tata Floating Rate Fund Reg(G),DT-FL,Akhil Mittal,0.629,NORMAL
BHARAT Bond FOF   April 2025  Reg(G),FOF-DOM,Rahul Dedhia,0.6289999999999999,NORMAL
HDFC Medium Term Debt Fund(G),DT-MD,Shobhit Mehrotra,0.6280000000000001,NORMAL
PGIM India Gilt Fund(G),DT-GILT,Puneet Pal,0.628,NORMAL
ITI Banking & Financial Services Fund Reg(G),EQ-FIN,Nilay Dalal,0.6279999999999999,NORMAL
Edelweiss Nifty PSU Bond Plus SDL Apr 2027 50:50 Index Fund Reg(G),DT-M&LD,Dhawal Dalal,0.6279999999999999,NORMAL
UTI Corporate Bond Fund Reg(G),DT-CORP,Anurag Mittal,0.627,NORMAL
Bandhan CRISIL IBX Gilt April 2028 Index Fund Reg(G),DT-GILT,Harshal Joshi,0.627,NORMAL
Nippon India Hybrid Bond Fund(G),HY-DT(CO),Sushil Budhia,0.627,NORMAL
Aditya Birla SL Banking & PSU Debt(G),DT-B&PSU,Kaustubh Gupta,0.6260000000000001,NORMAL
Invesco India Nifty G sec Jul 2027 Index Fund Reg(G),DT-MD,Krishna Cheemalapati,0.626,NORMAL
Bandhan Corp Bond Fund Reg(G),DT-CORP,Suyash Choudhary,0.626,NORMAL
UTI Dynamic Bond Fund Reg(G),DT-DYN,Sudhir Agarwal,0.6249999999999999,NORMAL
Edelweiss Banking and PSU Debt Fund Reg(G),DT-B&PSU,Dhawal Dalal,0.6240000000000001,NORMAL
Aditya Birla SL Money Manager Fund(G),DT-MM,Kaustubh Gupta,0.6240000000000001,NORMAL
SBI Short Term Debt Fund Reg(G),DT-SD,Rajeev Radhakrishnan,0.624,NORMAL
Axis Money Market Fund Reg(G),DT-MM,Devang Shah,0.624,NORMAL
Nippon India Nifty AAA CPSE Bond Plus SDL   Apr 2027 Maturity 60:40 Index Fund(G),DT-M&LD,Vivek Sharma,0.624,NORMAL
Franklin India Corp Debt Fund A(G),DT-CORP,Anuj Tagra,0.624,NORMAL
Edelweiss CRISIL IBX 50:50 Gilt Plus SDL June 2027 Index Fund Reg(G),DT-M&LD,Dhawal Dalal,0.624,NORMAL
Bandhan Dynamic Bond Fund Reg(G),DT-DYN,Suyash Choudhary,0.6239999999999999,NORMAL
PGIM India CRISIL IBX Gilt Index   Apr 2028 Fund Reg(G),DT-M&LD,Puneet Pal,0.6239999999999999,NORMAL
HSBC Corporate Bond Fund Reg(G),DT-CORP,Kapil Punjabi,0.623,NORMAL
HDFC Nifty G Sec Jun 2027 Index Fund Reg(G),DT-GILT,Anupam Joshi,0.623,NORMAL
Invesco India Banking and PSU Fund(G),DT-B&PSU,Vikas Garg,0.623,NORMAL
Nippon India Money Market Fund(G),DT-MM,Vikash Agarwal,0.623,NORMAL
Union Dynamic Bond(G),DT-DYN,Parijat Agrawal,0.6229999999999999,NORMAL
UTI Money Market Fund Reg(G),DT-MM,Amit Sharma,0.6220000000000001,NORMAL
Baroda BNP Paribas NIFTY SDL Dec 2026 Index Fund Reg(G),DT-M&LD,Gurvinder Singh Wasan,0.6220000000000001,NORMAL
HDFC Nifty SDL Oct 2026 Index Fund Reg(G),DT-MD,Anupam Joshi,0.6219999999999999,NORMAL
Aditya Birla SL Nifty SDL Apr 2027 Index Fund Reg(G),DT-M&LD,Bhupesh Bameta,0.621,NORMAL
HDFC Banking and PSU Debt Fund Reg(G),DT-B&PSU,Anil Bamboli,0.621,NORMAL
ICICI Pru Money Market Fund(G),DT-MM,Manish Banthia,0.621,NORMAL
Aditya Birla SL CRISIL IBX 60:40 SDL + AAA PSU   Apr 2027 Index Fund Reg(G),DT-M&LD,Mohit Sharma,0.6199999999999999,NORMAL
Edelweiss CRISIL IBX 50:50 Gilt Plus SDL Short Duration Index Fund Reg(G),DT-SD,Rahul Dedhia,0.6199999999999999,NORMAL
Axis Treasury Advantage Fund Reg(G),DT-LOWD,Devang Shah,0.6190000000000001,NORMAL
DSP Short Term Fund Reg(G),DT-SD,Karan Mundhra,0.6190000000000001,NORMAL
Bandhan CRISIL IBX 90:10 SDL Plus Gilt   Nov 2026 Index Fund Reg(G),DT-M&LD,Gautam Kaul,0.619,NORMAL
Mirae Asset Banking and PSU Fund Reg(G),DT-B&PSU,Kruti Chheta,0.619,NORMAL
Kotak Bond Short Term Fund(G),DT-SD,Deepak Agrawal,0.619,NORMAL
UTI Low Duration Fund Reg(G),DT-LOWD,Anurag Mittal,0.619,NORMAL
DSP Corp Bond Fund Reg(G),DT-CORP,Shantanu Godambe,0.619,NORMAL
Kotak Bond Fund Reg(G),DT-M&LD,Abhishek Bisen,0.619,NORMAL
Nippon India Nifty G Sec Sep 2027 Maturity Index Fund Reg(G),DT-GILT,Vivek Sharma,0.6180000000000001,NORMAL
Tata Money Market Fund Reg(G),DT-MM,Amit Somani,0.618,NORMAL
Kotak Money Market Fund(G),DT-MM,Deepak Agrawal,0.618,NORMAL
Nippon India ETF Nifty SDL Apr 2026 Top 20 Equal Weight,DT-ETF,Vivek Sharma,0.617,NORMAL
Franklin India Money Market Fund(G),DT-MM,Rohan Maru,0.617,NORMAL
HDFC Money Market Fund Reg(G),DT-MM,Praveen Jain,0.6169999999999999,NORMAL
Aditya Birla SL CRISIL IBX Gilt June 2027 Index Fund Reg(G),DT-GILT,Bhupesh Bameta,0.6166666666666666,NORMAL
Sundaram Conservative Hybrid Fund(G),HY-DT(CO),Dwijendra Srivastava,0.616,NORMAL
ICICI Pru Nifty SDL Sep 2026 Index Fund Reg(G),DT-M&LD,Darshil Dedhia,0.616,NORMAL
Canara Rob Gilt Fund Reg(G),DT-GILT,Kunal Jain,0.616,NORMAL
Axis Nifty AAA Bond Plus SDL Apr 2026 50:50 ETF,DT-ETF,Aditya Pagaria,0.616,NORMAL
Bandhan CRISIL IBX Gilt June 2027 Index Fund Reg(G),DT-GILT,Harshal Joshi,0.616,NORMAL
Nippon India Banking & PSU Debt Fund(G),DT-B&PSU,Pranay Sinha,0.615,NORMAL
Mirae Asset Ultra Short Duration Fund Reg(G),DT-USD,Basant Bafna,0.615,NORMAL
Mahindra Manulife Dynamic Bond Fund Reg(G),DT-CR,Rahul Pal,0.6139999999999999,NORMAL
Aditya Birla SL Nifty SDL Plus PSU Bond Sep 2026 60:40 Index Fund Reg(G),DT-M&LD,Mohit Sharma,0.6130000000000001,NORMAL
Franklin India G Sec Fund(G),DT-GILT,Anuj Tagra,0.613,NORMAL
HSBC CRISIL IBX Gilt June 2027 Index Fund Reg(G),DT-MD,Kapil Punjabi,0.613,NORMAL
Mahindra Manulife Short Duration Fund Reg(G),DT-SD,Rahul Pal,0.613,NORMAL
Bandhan Banking & PSU Debt Fund Reg(G),DT-B&PSU,Suyash Choudhary,0.6129999999999999,NORMAL
Franklin India Banking & PSU Debt Fund(G),DT-B&PSU,Chandni Gupta,0.6120000000000001,NORMAL
JM Dynamic Bond Fund Reg(G),DT-DYN,Killol Pandya,0.6120000000000001,NORMAL
TRUSTMF Corporate Bond Fund Reg(G),DT-CORP,Jalpan Shah,0.612,NORMAL
UTI Long Duration Fund Reg(G),DT-LD,Sunil Patil,0.612,NORMAL
Nippon India ETF Nifty 50 Shariah BeES,EQ-ETF,Himanshu Mange,0.6119999999999999,NORMAL
Bandhan Equity Savings Fund Reg(G),HY-EQ,Nemish Sheth,0.611,NORMAL
UTI Short Duration Fund Reg(G),DT-SD,Sudhir Agarwal,0.611,NORMAL
Union Equity Savings Fund Reg(G),HY-EQ,Sanjay Bembalkar,0.611,NORMAL
Baroda BNP Paribas Short Duration Fund Reg(G),DT-SD,Gurvinder Singh Wasan,0.611,NORMAL
Axis Banking & PSU Debt Fund Reg(G),DT-B&PSU,Aditya Pagaria,0.6100000000000001,NORMAL
PGIM India Corp Bond Fund(G),DT-CORP,Puneet Pal,0.6100000000000001,NORMAL
SBI CPSE Bond Plus SDL Sep 2026 50:50 Index Fund Reg(G),DT-MD,Ranjana Gupta,0.6100000000000001,NORMAL
Mirae Asset Money Market Fund Reg(G),DT-MM,Amit Modani,0.61,NORMAL
Kotak Nifty SDL Jul 2026 Index Fund Reg(G),DT-M&LD,Abhishek Bisen,0.61,NORMAL
DSP Bond Fund Reg(G),DT-MD,Vivekanand Ramakrishnan,0.6090000000000001,NORMAL
UTI Banking & PSU Fund Reg(G),DT-B&PSU,Anurag Mittal,0.609,NORMAL
Kotak Equity Arbitrage Fund(G),HY-ARB,Hiten Shah,0.609,NORMAL
LIC MF Banking & PSU Fund Reg(G),DT-B&PSU,Marzban Irani,0.609,NORMAL
Nippon India Nifty AAA PSU Bond Plus SDL   Sep 2026 Maturity 50:50 Index Fund Reg(G),DT-B&PSU,Vivek Sharma,0.609,NORMAL
JM Medium to Long Duration Fund Reg(G),DT-M&LD,Killol Pandya,0.6080000000000001,NORMAL
HSBC Short Duration Fund Reg(G),DT-SD,Shriram Ramanathan,0.608,NORMAL
SBI Banking and PSU Fund Reg(G),DT-B&PSU,Rajeev Radhakrishnan,0.608,NORMAL
Sundaram Money Market Fund Reg(G),DT-MM,Sandeep Agarwal,0.607,NORMAL
PGIM India Equity Savings Fund(G),HY-EQ,Anandha Padmanabhan Anjeneyan,0.6060000000000001,NORMAL
HSBC Low Duration Fund Reg(G),DT-LOWD,Shriram Ramanathan,0.606,NORMAL
HDFC Nifty G Sec Dec 2026 Index Fund Reg(G),DT-GILT,Anupam Joshi,0.606,NORMAL
TRUSTMF Banking & PSU Fund Reg(G),DT-B&PSU,Jalpan Shah,0.6050000000000001,NORMAL
Nippon India Income Fund(G),DT-M&LD,Vivek Sharma,0.6050000000000001,NORMAL
HSBC Money Market Fund Reg(G),DT-MM,Kapil Punjabi,0.605,NORMAL
Baroda BNP Paribas Ultra Short Duration Fund Reg(G),DT-USD,Vikram Pamnani,0.605,NORMAL
UTI Arbitrage Fund Reg(G),HY-ARB,Sharwan Kumar Goyal,0.605,NORMAL
Bajaj Finserv Banking and PSU Fund Reg(G),DT-B&PSU,Siddharth Chaudhary,0.605,NORMAL
Mirae Asset Short Duration Fund Reg(G),DT-SD,Basant Bafna,0.6040000000000001,NORMAL
Canara Rob Corp Bond Fund Reg(G),DT-CORP,Avnish Jain,0.6039999999999999,NORMAL
UTI Medium Duration Fund Reg(G),DT-MD,Ritesh Nambiar,0.6039999999999999,NORMAL
Invesco India Medium Duration Fund Reg(G),DT-MD,Vikas Garg,0.603,NORMAL
Bandhan Bond Fund   Medium Term Plan Reg(G),DT-MD,Suyash Choudhary,0.603,NORMAL
UTI Nifty SDL Plus AAA PSU Bond Apr 2026 75:25 Index Fund Reg(G),DT-MD,Sunil Patil,0.6020000000000001,NORMAL
HDFC Arbitrage WP(G),HY-ARB,Arun Agarwal,0.602,NORMAL
Mirae Asset Nifty AAA PSU Bond Plus SDL Apr 2026 50:50 Index Fund Reg(G),DT-B&PSU,Amit Modani,0.602,NORMAL
Baroda BNP Paribas Banking and PSU Bond Fund Reg(G),DT-B&PSU,Gurvinder Singh Wasan,0.601,NORMAL
ICICI Pru Ultra Short Term Fund Fund(G),DT-USD,Manish Banthia,0.601,NORMAL
Edelweiss Nifty PSU Bond Plus SDL Apr 2026 50:50 Index Fund Reg(G),DT-B&PSU,Dhawal Dalal,0.601,NORMAL
HDFC Ultra Short Term Fund Reg(G),DT-USD,Anil Bamboli,0.601,NORMAL
Aditya Birla SL Active Debt Multi Mgr FoF(G),FOF-DOM,Kaustubh Gupta,0.601,NORMAL
LIC MF Gilt Fund PF(G),DT-GILT,Marzban Irani,0.6009999999999999,NORMAL
LIC MF Gilt Fund Reg(G),DT-GILT,Marzban Irani,0.6009999999999999,NORMAL
HDFC Low Duration Fund(G),DT-LOWD,Anupam Joshi,0.6000000000000001,NORMAL
Invesco India Low Duration Fund(G),DT-LOWD,Krishna Cheemalapati,0.6,NORMAL
Canara Rob Banking and PSU Debt Fund Reg(G),DT-B&PSU,Suman Prasad,0.6,NORMAL
DSP Low Duration Fund Reg(G),DT-LOWD,Karan Mundhra,0.599,NORMAL
Nippon India Low Duration Fund(G),DT-LOWD,Vivek Sharma,0.599,NORMAL
ICICI Pru Retirement Fund Pure Debt Plan(G),HY-SOL,Darshil Dedhia,0.599,NORMAL
TRUSTMF Money Market Fund Reg(G),DT-MM,Jalpan Shah,0.599,NORMAL
Tata Treasury Advantage Fund Reg(G),DT-LOWD,Akhil Mittal,0.599,NORMAL
Tata Nifty G Sec Dec 2026 Index Fund Reg(G),DT-MD,Amit Somani,0.5980000000000001,NORMAL
Mirae Asset Low Duration Fund Reg Savings Plan(G),DT-LOWD,Basant Bafna,0.5980000000000001,NORMAL
Bandhan Ultra Short Term Fund Reg(G),DT-USD,Harshal Joshi,0.598,NORMAL
Bank of India Liquid Fund Reg(G),DT-LIQ,Mithraem Bharucha,0.5970000000000001,NORMAL
Canara Rob Savings Fund Reg(G),DT-LOWD,Kunal Jain,0.5970000000000001,NORMAL
HSBC Ultra Short Duration Fund Reg(G),DT-USD,Mahesh Chhabria,0.597,NORMAL
ICICI Pru Equity Arbitrage Fund(G),HY-ARB,Archana Nair,0.597,NORMAL
Axis CRISIL IBX 70:30 CPSE Plus SDL April 2025 Index Fund Reg(G),DT-MD,Devang Shah,0.597,NORMAL
SBI Magnum Ultra Short Duration Fund Reg(G),DT-USD,R. Arun,0.597,NORMAL
DSP Savings Fund Reg(G),DT-MM,Karan Mundhra,0.5969999999999999,NORMAL
Kotak Low Duration Fund(G),DT-LOWD,Deepak Agrawal,0.5969999999999999,NORMAL
Kotak Nifty AAA Bond Jun 2025 HTM Index Fund Reg(G),DT-SD,Abhishek Bisen,0.5966666666666667,NORMAL
Axis Liquid Fund Reg(G),DT-LIQ,Devang Shah,0.5960000000000001,NORMAL
Aditya Birla SL CRISIL IBX Gilt Apr 2028 Index Fund Reg(G),DT-M&LD,Bhupesh Bameta,0.596,NORMAL
Edelweiss Arbitrage Fund Reg(G),HY-ARB,Bhavesh Jain,0.596,NORMAL
Baroda BNP Paribas Money Market Fund Reg(G),DT-MM,Vikram Pamnani,0.596,NORMAL
Mahindra Manulife Ultra Short Duration Fund Reg(G),DT-USD,Rahul Pal,0.596,NORMAL
Franklin India Liquid Fund Super Inst(G),DT-LIQ,Pallab Roy,0.596,NORMAL
Bandhan Credit Risk Fund Reg(G),DT-CR,Gautam Kaul,0.596,NORMAL
Invesco India Arbitrage Fund(G),HY-ARB,Deepak Gupta,0.596,NORMAL
Invesco India Short Duration Fund(G),DT-SD,Vikas Garg,0.596,NORMAL
Motilal Oswal BSE Enhanced Value Index Fund Reg(G),EQ-INDX,Swapnil P Mayekar,0.5959999999999999,NORMAL
LIC MF Liquid Fund Reg(G),DT-LIQ,Rahul Singh,0.5950000000000001,NORMAL
JM Low Duration Fund(G),DT-LOWD,Killol Pandya,0.595,NORMAL
DSP Liquidity Fund Reg(G),DT-LIQ,Karan Mundhra,0.5940000000000001,NORMAL
Invesco India Money Market Fund(G),DT-MM,Krishna Cheemalapati,0.5940000000000001,NORMAL
LIC MF Short Duration Fund Reg(G),DT-SD,Marzban Irani,0.594,NORMAL
Mirae Asset Liquid Fund Reg(G),DT-LIQ,Abhishek Iyer,0.594,NORMAL
Aditya Birla SL Liquid Fund(G),DT-LIQ,Kaustubh Gupta,0.594,NORMAL
Sundaram Low Duration Fund(G),DT-LOWD,Sandeep Agarwal,0.5930000000000001,NORMAL
Union Liquid Fund(G),DT-LIQ,Devesh Thacker,0.593,NORMAL
ICICI Pru Liquid Fund(G),DT-LIQ,Darshil Dedhia,0.593,NORMAL
Edelweiss Liquid Fund Reg(G),DT-LIQ,Rahul Dedhia,0.593,NORMAL
Canara Rob Liquid Fund Reg(G),DT-LIQ,Kunal Jain,0.593,NORMAL
HSBC Gilt Fund Reg(G),DT-GILT,Shriram Ramanathan,0.593,NORMAL
Invesco India Liquid Fund(G),DT-LIQ,Krishna Cheemalapati,0.593,NORMAL
Groww Liquid Fund Reg(G),DT-LIQ,Kaustubh Sule,0.593,NORMAL
Aditya Birla SL CRISIL IBX 60:40 SDL + AAA PSU Apr 2026 Index Fund Reg(G),DT-B&PSU,Bhupesh Bameta,0.593,NORMAL
Bandhan Low Duration Fund Reg(G),DT-LOWD,Harshal Joshi,0.5920000000000001,NORMAL
HSBC Liquid Fund(G),DT-LIQ,Kapil Punjabi,0.592,NORMAL
DSP World Mining FoF Reg(G),FOF-OVR,Jay Kothari,0.5910000000000002,NORMAL
Edelweiss CRISIL PSU Plus SDL 50:50 Oct 2025 Index Fund Reg(G),DT-MD,Dhawal Dalal,0.591,NORMAL
Union Medium Duration Fund Reg(G),DT-MD,Parijat Agrawal,0.591,NORMAL
UTI Liquid Fund Reg(G),DT-LIQ,Amit Sharma,0.591,NORMAL
Mahindra Manulife Liquid Fund Reg(G),DT-LIQ,Rahul Pal,0.591,NORMAL
Axis Nifty AAA Bond Plus SDL Apr 2026 50:50 ETF FoF Reg(G),DT-M&LD,Aditya Pagaria,0.5900000000000001,NORMAL
Tata Liquid Fund Reg(G),DT-LIQ,Amit Somani,0.5900000000000001,NORMAL
PGIM India Liquid Fund(G),DT-LIQ,Bhupesh Kalyani,0.5900000000000001,NORMAL
Tata Gilt Securities Fund Reg(G),DT-GILT,Akhil Mittal,0.5900000000000001,NORMAL
Union Arbitrage Fund Reg(G),HY-ARB,Vishal Thakker,0.5900000000000001,NORMAL
SBI Arbitrage Opportunities Fund Reg(G),HY-ARB,Neeraj Kumar,0.59,NORMAL
Edelweiss CRISIL IBX AAA Financial Services Bond   Jan 2028 Index Fund Reg(G),DT-M&LD,Dhawal Dalal,0.59,NORMAL
Bandhan Liquid Fund Reg(G),DT-LIQ,Harshal Joshi,0.5890000000000001,NORMAL
Nippon India Liquid Fund(G),DT-LIQ,Vikash Agarwal,0.5890000000000001,NORMAL
HDFC Liquid Fund(G),DT-LIQ,Anupam Joshi,0.5890000000000001,NORMAL
Sundaram Liquid Fund(G),DT-LIQ,Dwijendra Srivastava,0.5890000000000001,NORMAL
Axis Arbitrage Fund Reg(G),HY-ARB,Karthik Kumar,0.589,NORMAL
SBI Magnum Low Duration Fund Reg(G),DT-LOWD,Rajeev Radhakrishnan,0.5880000000000001,NORMAL
HSBC Banking and PSU Debt Fund Reg(G),DT-B&PSU,Mahesh Chhabria,0.588,NORMAL
Bandhan Arbitrage Fund Reg(G),HY-ARB,Nemish Sheth,0.588,NORMAL
Kotak Liquid Fund Reg(G),DT-LIQ,Deepak Agrawal,0.5870000000000001,NORMAL
Nippon India Ultra Short Duration Fund(G),DT-USD,Vivek Sharma,0.587,NORMAL
Baroda BNP Paribas Liquid Fund(G),DT-LIQ,Vikram Pamnani,0.587,NORMAL
Nippon India Equity Savings Fund(G),HY-EQ,Ashutosh Bhargava,0.587,NORMAL
Quant Gilt Fund Reg(G),DT-GILT,Sanjeev Sharma,0.587,NORMAL
PGIM India Money Market Fund Reg(G),DT-MM,Puneet Pal,0.5860000000000001,NORMAL
Aditya Birla SL Arbitrage Fund(G),HY-ARB,Lovelish Solanki,0.5860000000000001,NORMAL
Bajaj Finserv Liquid Fund Reg(G),DT-LIQ,Siddharth Chaudhary,0.5860000000000001,NORMAL
Tata Arbitrage Fund Reg(G),HY-ARB,Sailesh Jain,0.586,NORMAL
Tata ST Bond Fund Reg(G),DT-SD,Murthy Nagarajan,0.586,NORMAL
SBI Savings Fund Reg(G),DT-MM,R. Arun,0.586,NORMAL
WOC Liquid Fund Reg(G),DT-LIQ,Piyush Baranwal,0.5850000000000001,NORMAL
Aditya Birla SL CRISIL IBX Gilt   April 2026 Index Fund Reg(G),DT-MD,Bhupesh Bameta,0.5850000000000001,NORMAL
SBI Liquid Fund Reg(G),DT-LIQ,R. Arun,0.5850000000000001,NORMAL
HSBC Credit Risk Fund Reg(G),DT-CR,Shriram Ramanathan,0.585,NORMAL
DSP Arbitrage Fund Reg(G),HY-ARB,Kaivalya Nadkarni,0.5840000000000001,NORMAL
Parag Parikh Arbitrage Fund Reg(G),HY-ARB,Rajeev Thakkar,0.5840000000000001,NORMAL
ITI Dynamic Bond Fund Reg(G),DT-DYN,Rajesh Bhatia,0.584,NORMAL
TRUSTMF Short Duration Fund Reg(G),DT-SD,Jalpan Shah,0.584,NORMAL
Mahindra Manulife Low Duration Fund Reg(G),DT-LOWD,Rahul Pal,0.584,NORMAL
Kotak Savings Fund(G),DT-USD,Deepak Agrawal,0.584,NORMAL
UTI Ultra Short Duration Fund Reg(G),DT-USD,Ritesh Nambiar,0.583,NORMAL
JM Liquid Fund(G),DT-LIQ,Killol Pandya,0.583,NORMAL
Aditya Birla SL CRISIL IBX 60:40 SDL + AAA PSU   Apr 2025 Index Fund Reg(G),DT-MD,Mohit Sharma,0.583,NORMAL
Bandhan Money Manager Fund Reg(G),DT-MM,Brijesh Shah,0.583,NORMAL
Tata CRISIL IBX Gilt Index   April 2026 Index Fund Reg(G),DT-MD,Amit Somani,0.5820000000000001,NORMAL
Aditya Birla SL Nifty SDL Sep 2025 Index Fund Reg(G),DT-MD,Bhupesh Bameta,0.5810000000000001,NORMAL
Aditya Birla SL US Treasury 3 10 year Bond ETFs FoF Reg(G),DT-ETF,Vighnesh Gupta,0.5810000000000001,NORMAL
Invesco India Ultra Short Duration Fund(G),DT-USD,Krishna Cheemalapati,0.5800000000000001,NORMAL
Baroda BNP Paribas Arbitrage Fund Reg(G),HY-ARB,Neeraj Saxena,0.58,NORMAL
Aditya Birla SL CRISIL IBX AAA Financial Services Index Sep 2027 Fund Reg(G),DT-M&LD,Harshil Suvarnkar,0.58,NORMAL
Canara Rob Short Duration Fund Reg(G),DT-SD,Suman Prasad,0.5799999999999998,NORMAL
TRUSTMF Liquid Fund Reg(G),DT-LIQ,Jalpan Shah,0.579,NORMAL
Bajaj Finserv Money Market Fund Reg(G),DT-MM,Siddharth Chaudhary,0.579,NORMAL
Nippon India Arbitrage Fund(G),HY-ARB,Vikash Agarwal,0.579,NORMAL
360 ONE Liquid Fund Reg(G),DT-LIQ,Milan Mody,0.579,NORMAL
Aditya Birla SL Low Duration Fund(G),DT-LOWD,Kaustubh Gupta,0.578,NORMAL
Bandhan CRISIL IBX Gilt April 2026 Index Fund Reg(G),DT-GILT,Gautam Kaul,0.578,NORMAL
ITI Banking & PSU Debt Fund Reg(G),DT-B&PSU,Rajesh Bhatia,0.5770000000000001,NORMAL
Mirae Asset Arbitrage Fund Reg(G),HY-ARB,Jignesh Rao,0.5760000000000001,NORMAL
JM Short Duration Fund Reg(G),DT-SD,Killol Pandya,0.576,NORMAL
Franklin India Feeder   Templeton European Opportunities Fund(G),FOF-OVR,Sandeep Manam,0.5759999999999998,NORMAL
Invesco India Credit Risk Fund(G),DT-CR,Vikas Garg,0.575,NORMAL
Canara Rob Income Fund Reg(G),DT-M&LD,Avnish Jain,0.575,NORMAL
Nippon India CRISIL IBX AAA Financial Services   Jan 2028 Index Fund Reg(G),DT-M&LD,Vivek Sharma,0.575,NORMAL
LIC MF Low Duration Fund(G),DT-LOWD,Rahul Singh,0.575,NORMAL
Quant Liquid Plan(G),DT-LIQ,Sanjeev Sharma,0.5700000000000001,NORMAL
Shriram Liquid Fund Reg(G),DT-LIQ,Deepak Ramaraju,0.57,NORMAL
Bandhan Bond Fund   Income Plan Reg(G),DT-LD,Suyash Choudhary,0.5699999999999998,NORMAL
HSBC Medium to Long Duration Fund Fund(G),DT-M&LD,Kapil Punjabi,0.5690000000000001,NORMAL
HSBC Arbitrage Fund Reg(G),HY-ARB,Praveen Ayathan,0.569,NORMAL
Quant ESG Equity Fund Reg(G),EQ-THEM,Ankit Pande,0.5679999999999998,NORMAL
Franklin India Ultra Short Duration Fund Reg(G),DT-USD,Rohan Maru,0.5675,NORMAL
Axis Ultra Short Duration Fund Reg(G),DT-USD,Sachin Jain,0.567,NORMAL
Edelweiss Money Market Fund Reg(G),DT-DYN,Pranavi Kulkarni,0.567,NORMAL
Nippon India Japan Equity Fund(G),EQ-INTL,Kinjal Desai,0.5669999999999998,NORMAL
Quantum Liquid Fund Reg(G),DT-LIQ,Pankaj Pathak,0.5660000000000001,NORMAL
ITI Arbitrage Fund Reg(G),HY-ARB,Rajesh Bhatia,0.5660000000000001,NORMAL
Baroda BNP Paribas Low Duration Fund(G),DT-LOWD,Vikram Pamnani,0.5660000000000001,NORMAL
DSP Ultra Short Fund Reg(G),DT-USD,Shalini Vasanta,0.564,NORMAL
Navi Liquid Fund Reg(G),DT-LIQ,Tanmay Sethi,0.563,NORMAL
Tata Ultra Short Term Fund Reg(G),DT-USD,Akhil Mittal,0.563,NORMAL
ITI Liquid Fund Reg(G),DT-LIQ,Rajesh Bhatia,0.562,NORMAL
NJ Balanced Advantage Fund Reg(G),HY-EQ,Viral Shah,0.5610000000000002,NORMAL
Edelweiss Emerging Markets Opp Eq. Offshore Fund Reg(G),FOF-OVR,Bhavesh Jain,0.561,NORMAL
ICICI Pru PSU Equity Fund Reg(G),EQ-INDX,Mittul Kalawadia,0.5600000000000002,NORMAL
LIC MF Ultra Short Duration Fund Reg(G),DT-USD,Rahul Singh,0.5599999999999999,NORMAL
Sundaram Arbitrage Fund(G),HY-ARB,Rohit Seksaria,0.5599999999999999,NORMAL
Parag Parikh Liquid Fund Reg(G),DT-LIQ,Raj Mehta,0.5599999999999999,NORMAL
PGIM India Arbitrage Fund Reg(G),HY-ARB,Chetan Chavan,0.5589999999999999,NORMAL
Mirae Asset Dynamic Bond Fund Reg(G),DT-DYN,Amit Modani,0.5589999999999999,NORMAL
ICICI Pru Global Stable Equity Fund(FOF)(G),FOF-OVR,Ritesh Lunawat,0.5579999999999998,NORMAL
WOC Ultra Short Duration Fund Reg(G),DT-USD,Piyush Baranwal,0.557,NORMAL
PGIM India Ultra Short Duration Fund(G),DT-USD,Puneet Pal,0.556,NORMAL
Motilal Oswal Liquid Fund Reg(G),DT-LIQ,Rakesh Shetty,0.555,NORMAL
LIC MF Arbitrage Fund Reg(G),HY-ARB,Sumit Bhatnagar,0.555,NORMAL
JM Arbitrage Fund(G),HY-ARB,Asit Bhandarkar,0.554,NORMAL
UTI Floater Fund Reg(G),DT-FL,Sudhir Agarwal,0.554,NORMAL
Bank of India Arbitrage Fund Reg(G),HY-ARB,Firdaus Marazban Ragina,0.5539999999999999,NORMAL
Quant Overnight Fund Reg(G),DT-ON,Sanjeev Sharma,0.5529999999999999,NORMAL
Canara Rob Ultra Short Term Fund Reg(G),DT-USD,Kunal Jain,0.55,NORMAL
Axis CRISIL IBX AAA Bond Financial Services   Sep 2027 Index Fund Reg(G),DT-M&LD,Aditya Pagaria,0.55,NORMAL
Nippon India CRISIL IBX AAA Financial Services   Dec 2026 Index Fund Reg(G),DT-SD,Vivek Sharma,0.55,NORMAL
Aditya Birla SL CRISIL IBX AAA NBFC HFC Index Dec 2025 Fund Reg(G),DT-SD,Sanjay Godambe,0.55,NORMAL
WOC Arbitrage Fund Reg(G),HY-ARB,Ramesh Mantri,0.5499999999999999,NORMAL
Bank of India Overnight Fund Reg(G),DT-ON,Mithraem Bharucha,0.548,NORMAL
Groww Short Duration Fund Reg(G),DT-SD,Kaustubh Sule,0.5439999999999999,NORMAL
Bank of India Ultra Short Duration Fund Reg(G),DT-USD,Mithraem Bharucha,0.543,NORMAL
Union Money Market Fund Reg(G),DT-MM,Parijat Agrawal,0.543,NORMAL
Bajaj Finserv Arbitrage Fund Reg(G),HY-ARB,Ilesh Savla,0.543,NORMAL
Axis Nifty Bank Index Fund Reg(G),EQ-INDX,Karthik Kumar,0.5428571428571427,NORMAL
ICICI Pru Nifty Infrastructure ETF,EQ-ETF,Nishit Patel,0.542,NORMAL
Axis Overnight Fund Reg(G),DT-ON,Sachin Jain,0.542,NORMAL
Franklin India Arbitrage Fund Reg(G),HY-ARB,Rajasa Kakulavarapu,0.54,NORMAL
Mirae Asset Nifty 1D Rate Liquid ETF(G),DT-ETF,Amit Modani,0.54,NORMAL
Aditya Birla SL CRISIL IBX AAA NBFC HFC Index Sep 2026 Fund Reg(G),DT-SD,Harshil Suvarnkar,0.54,NORMAL
TRUSTMF Overnight Fund Reg(G),DT-ON,Jalpan Shah,0.539,NORMAL
PGIM India Overnight Fund Reg(G),DT-ON,Bhupesh Kalyani,0.5389999999999999,NORMAL
UTI Overnight Fund Reg(G),DT-ON,Ritesh Nambiar,0.5389999999999999,NORMAL
LIC MF Banking & Financial Services Fund Reg(G),EQ-FIN,Jaiprakash Toshniwal,0.5389999999999999,NORMAL
Nippon India Overnight Fund Reg(G),DT-ON,Siddharth Deb,0.538,NORMAL
Invesco India Overnight Fund Reg(G),DT-ON,Krishna Cheemalapati,0.538,NORMAL
Bajaj Finserv Overnight Fund Reg(G),DT-ON,Siddharth Chaudhary,0.538,NORMAL
ICICI Pru Overnight Fund(G),DT-ON,Nikhil Kabra,0.537,NORMAL
Mirae Asset Overnight Fund Reg(G),DT-ON,Abhishek Iyer,0.537,NORMAL
Kotak Overnight Fund Reg(G),DT-ON,Deepak Agrawal,0.537,NORMAL
DSP Overnight Fund Reg(G),DT-ON,Karan Mundhra,0.537,NORMAL
Baroda BNP Paribas Overnight Fund Reg(G),DT-ON,Vikram Pamnani,0.537,NORMAL
HSBC Overnight Fund Reg(G),DT-ON,Kapil Punjabi,0.536,NORMAL
Union Overnight Fund Reg(G),DT-ON,Tarun Singh,0.536,NORMAL
DSP Nifty Bank Index Fund Reg(G),EQ-INDX,Anil Ghelani,0.5357142857142856,NORMAL
Canara Rob Overnight Fund Reg(G),DT-ON,Suman Prasad,0.535,NORMAL
Tata Overnight Fund Reg(G),DT-ON,Amit Somani,0.535,NORMAL
Mahindra Manulife Overnight Fund Reg(G),DT-ON,Rahul Pal,0.535,NORMAL
Bandhan Overnight Fund Reg(G),DT-ON,Brijesh Shah,0.535,NORMAL
Aditya Birla SL Overnight Fund Reg(G),DT-ON,Kaustubh Gupta,0.535,NORMAL
Quant Dynamic Asset Allocation Fund Reg(G),HY-DYN,Sandeep Tandon,0.5349999999999999,NORMAL
Canara Rob Dynamic Bond Fund Reg(G),DT-DYN,Kunal Jain,0.5340000000000001,NORMAL
SBI Overnight Fund Reg(G),DT-ON,R. Arun,0.534,NORMAL
Franklin India Overnight Fund(G),DT-ON,Pallab Roy,0.534,NORMAL
Groww Nifty 1D Rate Liquid ETF,DT-ETF,Kaustubh Sule,0.5333333333333333,NORMAL
ITI Ultra Short Duration Fund Reg(G),DT-USD,Rajesh Bhatia,0.5330000000000001,NORMAL
JM Overnight Fund Reg(G),DT-ON,Killol Pandya,0.5330000000000001,NORMAL
Edelweiss Overnight Fund Reg(G),DT-ON,Pranavi Kulkarni,0.5330000000000001,NORMAL
Sundaram Overnight Fund Reg(G),DT-ON,Sandeep Agarwal,0.5330000000000001,NORMAL
Groww Overnight Fund Reg(G),DT-ON,Kaustubh Sule,0.533,NORMAL
Shriram Overnight Fund Reg(G),DT-ON,Deepak Ramaraju,0.532,NORMAL
Helios Overnight Fund Reg(G),DT-ON,Alok Bahl,0.531,NORMAL
HDFC Overnight Fund(G),DT-ON,Anil Bamboli,0.531,NORMAL
LIC MF Overnight Fund Reg(G),DT-ON,Rahul Singh,0.5309999999999999,NORMAL
Bajaj Finserv Balanced Advantage Fund Reg(G),HY-DYN,Nimesh Chandan,0.5299999999999999,NORMAL
Groww Dynamic Bond Fund Reg(G),DT-DYN,Kaustubh Sule,0.529,NORMAL
Kotak Nifty 1D Rate Liquid ETF,DT-LIQ,Abhishek Bisen,0.527,NORMAL
Sundaram Ultra Short Duration Fund(G),DT-USD,Sandeep Agarwal,0.523,NORMAL
ICICI Pru BSE Liquid Rate ETF,DT-ETF,Darshil Dedhia,0.523,NORMAL
Zerodha Nifty 1D Rate Liquid ETF,DT-ETF,Apurv Parikh,0.519,NORMAL
ICICI Pru Commodities Fund(G),EQ-THEM,Lalit Kumar,0.5189999999999999,NORMAL
ITI Overnight Fund Reg(G),DT-ON,Rajesh Bhatia,0.515,NORMAL
DSP BSE Liquid Rate ETF,DT-ETF,Anil Ghelani,0.5144444444444445,NORMAL
SBI NIFTY 1D Rate ETF,DT-ETF,Tejas Soman,0.514,NORMAL
DSP NIFTY 1D Rate Liquid ETF,DT-ETF,Anil Ghelani,0.5129999999999999,NORMAL
Mirae Asset Nifty 1D Rate Liquid ETF(IDCW),DT-ETF,Amit Modani,0.5129999999999999,NORMAL
Bajaj Finserv Nifty 1D Rate Liquid ETF(G),DT-ETF,Siddharth Chaudhary,0.5128571428571428,NORMAL
Samco Overnight Fund Reg(G),DT-ON,Dhawal Ghanshyam Dhanani,0.51,NORMAL
Aditya Birla SL CRISIL Liquid Overnight ETF,DT-ON,Sanjay Pawar,0.508,NORMAL
Kotak Credit Risk Fund(G),DT-CR,Deepak Agrawal,0.508,NORMAL
Shriram Nifty 1D Rate Liquid ETF,DT-ETF,Deepak Ramaraju,0.506,NORMAL
Motilal Oswal BSE Low Volatility ETF,EQ-ETF,Swapnil P Mayekar,0.5020000000000001,NORMAL
Edelweiss Nifty Alpha Low Volatility 30 Index Fund Reg(G),EQ-INDX,Bhavesh Jain,0.5014285714285713,NORMAL
Samco Arbitrage Fund Reg(G),HY-ARB,Umeshkumar Mehta,0.5,NORMAL
Baroda BNP Paribas Floater Fund Reg(G),DT-FL,Prashant Pimple,0.5,NORMAL
Sundaram Medium Duration Fund(G),DT-MD,Dwijendra Srivastava,0.49800000000000005,NORMAL
DSP US Treasury FoF Reg(G),FOF-OVR,Jay Kothari,0.49666666666666676,NORMAL
Nippon India ETF Nifty Infrastructure BeES,EQ-ETF,Himanshu Mange,0.4940000000000001,NORMAL
Aditya Birla SL Retirement Fund 50 Plus Debt Plan Reg(G),HY-SOL,Harshil Suvarnkar,0.49300000000000005,NORMAL
Tata Nifty500 Multicap Infrastructure 50:30:20 Index Fund Reg(G),EQ-INDX,Kapil Menon,0.49,NORMAL
Motilal Oswal Ultra Short Term Fund Reg(G),DT-USD,Rakesh Shetty,0.48500000000000004,NORMAL
LIC MF Money Market Fund Reg(G),DT-MM,Rahul Singh,0.48299999999999993,NORMAL
HDFC Nifty 1D Rate Liquid ETF,DT-ETF,Swapnil Jangam,0.48200000000000004,NORMAL
Mahindra Manulife Arbitrage Fund Reg(G),HY-ARB,Navin Matta,0.48199999999999993,NORMAL
Shriram Multi Asset Allocation Fund Reg(G),HY-MULTI,Deepak Ramaraju,0.47800000000000004,NORMAL
Kotak Global Emerging Mkt Fund(G),FOF-OVR,Arjun Khanna,0.46399999999999997,NORMAL
DSP World Agriculture Fund Reg(G),FOF-OVR,Jay Kothari,0.458,NORMAL
Quant Active Fund(G),EQ-MLC,Ankit Pande,0.4539999999999999,NORMAL
Quant PSU Fund Reg(G),EQ-THEM,Sandeep Tandon,0.44700000000000023,NORMAL
Quant Large Cap Fund Reg(G),EQ-LC,Sandeep Tandon,0.43199999999999994,NORMAL
Navi Conservative Hybrid Fund Reg(G),HY-DT(CO),Aditya Mulki,0.429,NORMAL
Franklin India Medium to Long Duration Fund Reg(G),DT-M&LD,Chandni Gupta,0.42333333333333334,NORMAL
Quant Infrastructure Fund(G),EQ-INFRA,Ankit Pande,0.41999999999999993,NORMAL
UTI BSE Low Volatility Index Fund Reg(G),EQ-INDX,Sharwan Kumar Goyal,0.41400000000000003,NORMAL
Nippon India ETF Nifty CPSE Bond Plus SDL Sep 2024 50:50,DT-ETF,Vivek Sharma,0.4130000000000001,NORMAL
Shriram Balanced Advantage Fund Reg(G),HY-DYN,Deepak Ramaraju,0.413,NORMAL
SBI Equity Minimum Variance Fund Reg(G),EQ-THEM,Raviprakash Sharma,0.41099999999999987,NORMAL
Kotak MNC Fund Reg(G),EQ-MNC,Harsha Upadhyaya,0.405,NORMAL
Bank of India Credit Risk Fund Reg(G),DT-CR,Alok Singh,0.39899999999999997,NORMAL
Motilal Oswal Quant Fund Reg(G),EQ-THEM,Ajay Khandelwal,0.3983333333333334,NORMAL
Navi Overnight Fund Reg(G),DT-ON,Tanmay Sethi,0.396,NORMAL
SBI Energy Opportunities Fund Reg(G),EQ-POWER,Raj Gandhi,0.38899999999999996,NORMAL
Tata Nifty Auto Index Fund Reg(G),EQ-AUTO,Kapil Menon,0.3875,NORMAL
Baroda BNP Paribas Medium Duration Fund Reg(G),DT-MD,Prashant Pimple,0.387,NORMAL
Motilal Oswal BSE Low Volatility Index Fund Reg(G),EQ-INDX,Swapnil P Mayekar,0.3830000000000001,NORMAL
Zerodha Nifty Midcap 150 ETF,EQ-ETF,Kedarnath Mirajkar,0.3766666666666667,NORMAL
Nippon India ETF Nifty 1D Rate Liquid BeES,DT-ETF,Siddharth Deb,0.376,NORMAL
Bank of India Conservative Hybrid Fund Reg(G),HY-DT(CO),Alok Singh,0.3709999999999999,NORMAL
Motilal Oswal Developed Market Ex US ETFs FoF Reg(G),FOF-OVR,Sunil Sawant,0.36999999999999994,NORMAL
Edelweiss Europe Dynamic Equity Off shore Fund Reg(G),FOF-OVR,Bhavesh Jain,0.36400000000000005,NORMAL
Kotak International REIT FOF Reg(G),FOF-OVR,Arjun Khanna,0.33199999999999996,NORMAL
HSBC Global Equity Climate Change FoF Reg(G),FOF-OVR,Sonal Gupta,0.31899999999999995,NORMAL
HDFC Manufacturing Fund Reg(G),EQ-THEM,Rakesh Sethia,0.3171428571428572,NORMAL
Quant Flexi Cap Fund(G),EQ-FLEX,Ankit Pande,0.3069999999999999,NORMAL
Bank of India Balanced Advantage Fund Reg(G),HY-DYN,Alok Singh,0.29999999999999993,NORMAL
Samco Flexi Cap Fund Reg(G),EQ-FLEX,Nirali Bhansali,0.29,NORMAL
Quant Quantamental Fund Reg(G),EQ-THEM,Sandeep Tandon,0.28800000000000003,NORMAL
Quant Focused Fund(G),EQ-LC,Ankit Pande,0.2450000000000001,NORMAL
Bajaj Finserv Consumption Fund Reg(G),EQ-CONS,Nimesh Chandan,0.21,NORMAL
Quant ELSS Tax Saver Fund(G),EQ-ELSS,Ankit Pande,0.15199999999999997,NORMAL
Kotak NIFTY 100 Low Volatility 30 Index Fund Reg(G),EQ-INDX,Devender Singhal,0.14000000000000007,NORMAL
ICICI Pru Nifty Commodities ETF,EQ-THEM,Nishit Patel,0.11899999999999995,NORMAL
Baroda BNP Paribas Aqua FoF Reg(G),FOF-OVR,Swapna Shelar,0.11899999999999995,NORMAL
Quant Absolute Fund(G),HY-EQ,Sanjeev Sharma,0.11700000000000003,NORMAL
HSBC India Export Opportunities Fund Reg(G),EQ-THEM,Abhishek Gupta,0.10666666666666674,NORMAL
SBI Innovative Opportunities Fund Reg(G),EQ-THEM,Prasad Padala,0.06500000000000017,NORMAL
Motilal Oswal Multi Asset Fund Reg(G),HY-MULTI,Santosh Singh,0.062000000000000055,NORMAL
Franklin India Multi Cap Fund Reg(G),EQ-MLC,R. Janakiraman,0.049999999999999975,NORMAL
Mahindra Manulife Asia Pacific REITs FOF Reg(G),FOF-OVR,Krishna Sanghavi,0.009999999999999832,NORMAL
Nippon India Equity Hybrid Fund Segregated Portfolio 1 (G),HY-EQ,Meenakshi Dawar,0.0,NORMAL
Nippon India Equity Savings Fund Segregated Portfolio 1 (G),HY-EQ,Ashutosh Bhargava,0.0,NORMAL
Franklin India ST Income Plan(G),DT-SD,Santosh Kamath,0.0,NORMAL
Aditya Birla SL PSU Equity Fund Reg(G),EQ-THEM,Dhaval Gala,-0.021000000000000085,LOW EXCEPTION
Bajaj Finserv Multi Asset Allocation Fund Reg(G),HY-MULTI,Nimesh Chandan,-0.02333333333333339,LOW EXCEPTION
Kotak Special Opportunities Fund Reg(G),EQ-THEM,Devender Singhal,-0.0433333333333333,LOW EXCEPTION
Quant Consumption Fund Reg(G),EQ-CONS,Sandeep Tandon,-0.054000000000000006,LOW EXCEPTION
Quant BFSI Fund Reg(G),EQ-FIN,Sandeep Tandon,-0.10399999999999991,LOW EXCEPTION
DSP Global Clean Energy FoF Reg(G),FOF-OVR,Jay Kothari,-0.13099999999999995,LOW EXCEPTION
Mirae Asset Global Electric & Autonomous Vehicles ETFs FoF Reg(G),FOF-OVR,Siddharth Srivastava,-0.19500000000000003,LOW EXCEPTION
Zerodha Nifty 100 ETF,EQ-ETF,Kedarnath Mirajkar,-0.22000000000000017,LOW EXCEPTION
Invesco India   Invesco Pan European Equity FoF Reg(G),FOF-OVR,Herin Shah,-0.2600000000000001,LOW EXCEPTION
Bandhan Nifty Bank Index Fund Reg(G),EQ-INDX,Nemish Sheth,-0.28,LOW EXCEPTION
HDFC Nifty LargeMidcap 250 Index Fund Reg(G),EQ-INDX,Nirman Morakhia,-0.285,LOW EXCEPTION
Mirae Asset Nifty LargeMidcap 250 Index Fund Reg(G),EQ-INDX,Ekta Gala,-0.325,LOW EXCEPTION
Baroda BNP Paribas NIFTY Bank ETF,EQ-ETF,Neeraj Saxena,-0.43500000000000005,LOW EXCEPTION
Bank of India Business Cycle Fund Reg(G),EQ-THEM,Alok Singh,-0.4425,LOW EXCEPTION
HDFC Nifty PSU Bank ETF,EQ-ETF,Abhishek Mor,-0.4620000000000001,LOW EXCEPTION
ICICI Pru Nifty PSU Bank ETF,EQ-ETF,Nishit Patel,-0.46599999999999986,LOW EXCEPTION
DSP Nifty PSU Bank ETF,EQ-ETF,Anil Ghelani,-0.4709999999999998,LOW EXCEPTION
Nippon India ETF Nifty PSU Bank BeES,EQ-ETF,Himanshu Mange,-0.475,LOW EXCEPTION
Kotak Nifty PSU Bank ETF,EQ-ETF,Devender Singhal,-0.4779999999999999,LOW EXCEPTION
Union Multi Asset Allocation Fund Reg(G),HY-MULTI,Sanjay Bembalkar,-0.5233333333333333,LOW EXCEPTION
Edelweiss Nifty500 Multicap Momentum Quality 50 ETF,EQ-ETF,Bhavesh Jain,-0.5700000000000001,LOW EXCEPTION
Edelweiss Nifty500 Multicap Momentum Quality 50 Index Fund Reg(G),EQ-INDX,Bhavesh Jain,-0.6350000000000001,LOW EXCEPTION
Canara Rob Balanced Advantage Fund Reg(G),HY-DYN,Shridatta Bhandwaldar,-0.6499999999999999,LOW EXCEPTION
Mirae Asset Nifty Total Market Index Fund Reg(G),EQ-INDX,Ekta Gala,-0.695,LOW EXCEPTION
Aditya Birla SL Quant Fund Reg(G),EQ-THEM,Harish krishnan,-0.7083333333333331,LOW EXCEPTION
SBI Nifty 500 Index Fund Reg(G),EQ-INDX,Viral Chhadva,-0.74,LOW EXCEPTION
Groww Gold ETF FOF Reg(G),GOLD-MF,Wilfred Gonsalves,-0.8,LOW EXCEPTION
Bandhan Business Cycle Fund Reg(G),EQ-THEM,Vishal Biraia,-0.8366666666666666,LOW EXCEPTION
SBI Nifty India Consumption Index Fund Reg(G),EQ-INDX,Harsh Sethi,-0.8799999999999999,LOW EXCEPTION
LIC MF Manufacturing Fund Reg(G),EQ-THEM,Yogesh Patil,-0.9,LOW EXCEPTION
Baroda BNP Paribas Manufacturing Fund Reg(G),EQ-THEM,Jitendra Sriram,-0.9383333333333331,LOW EXCEPTION
Bandhan Nifty Total Market Index Fund Reg(G),EQ-INDX,Nemish Sheth,-0.9480000000000001,LOW EXCEPTION
HDFC NIFTY100 Low Volatility 30 Index Fund Reg(G),EQ-INDX,Nirman Morakhia,-0.9739999999999999,LOW EXCEPTION
Axis Nifty 500 Index Fund Reg(G),EQ-INDX,Karthik Kumar,-0.9880000000000001,LOW EXCEPTION
Mahindra Manulife Manufacturing Fund Reg(G),EQ-THEM,Renjith Sivaram,-0.9966666666666667,LOW EXCEPTION
Kotak NIFTY Midcap 50 Index Fund Reg(G),EQ-INDX,Devender Singhal,-1.0024999999999997,LOW EXCEPTION
Aditya Birla SL Nifty PSE ETF,EQ-ETF,Priya Sridhar,-1.1014285714285716,LOW EXCEPTION
Samco Special Opportunities Fund Reg(G),EQ-THEM,Paras Matalia,-1.1250000000000002,LOW EXCEPTION
ICICI Pru Energy Opportunities Fund Reg(G),EQ-POWER,Sankaran Naren,-1.142,LOW EXCEPTION
UTI Nifty Alpha Low Volatility 30 Index Fund Reg(G),EQ-INDX,Sharwan Kumar Goyal,-1.17,LOW EXCEPTION
Mirae Asset Nifty500 Multicap 50:25:25 ETF,EQ-ETF,Ekta Gala,-1.2025,LOW EXCEPTION
Mirae Asset Nifty 50 Index Fund Reg(G),EQ-INDX,Ekta Gala,-1.215,LOW EXCEPTION
Edelweiss Business Cycle Fund Reg(G),EQ-THEM,Bhavesh Jain,-1.2519999999999998,LOW EXCEPTION
HDFC Nifty500 Multicap 50:25:25 Index Fund Reg(G),EQ-INDX,Nirman Morakhia,-1.2549999999999997,LOW EXCEPTION
Navi Nifty 500 Multicap 50:25:25 Index Fund Reg(G),EQ-INDX,Aditya Mulki,-1.2599999999999998,LOW EXCEPTION
ITI Large & Mid Cap Fund Reg(G),EQ-L&M,Alok Ranjan,-1.31,LOW EXCEPTION
Edelweiss Nifty Bank ETF,EQ-ETF,Bhavesh Jain,-1.343333333333333,LOW EXCEPTION
Mirae Asset Nifty PSU Bank ETF,EQ-ETF,Ekta Gala,-1.3549999999999998,LOW EXCEPTION
Bajaj Finserv Large Cap Fund Reg(G),EQ-LC,Nimesh Chandan,-1.405,LOW EXCEPTION
SBI Automotive Opportunities Fund Reg(G),EQ-AUTO,Tanmaya Desai,-1.5300000000000002,LOW EXCEPTION
Motilal Oswal Nifty India Defence ETF,EQ-ETF,Swapnil P Mayekar,-1.5325000000000002,LOW EXCEPTION
SBI Nifty50 Equal Weight ETF,EQ-ETF,Viral Chhadva,-1.5559999999999996,LOW EXCEPTION
Samco Multi Cap Fund Reg(G),EQ-MLC,Umeshkumar Mehta,-1.61,LOW EXCEPTION
DSP Nifty Top 10 Equal Weight ETF,EQ-ETF,Anil Ghelani,-1.6733333333333331,LOW EXCEPTION
DSP Nifty Top 10 Equal Weight Index Fund Reg(G),EQ-INDX,Anil Ghelani,-1.763333333333333,LOW EXCEPTION
Aditya Birla SL Nifty India Defence Index Fund Reg(G),EQ-INDX,Priya Sridhar,-1.7824999999999998,LOW EXCEPTION
Bandhan Nifty Midcap 150 Index Fund Reg(G),EQ-INDX,Nemish Sheth,-1.7833333333333334,LOW EXCEPTION
ICICI Pru Nifty Metal ETF,EQ-ETF,Nishit Patel,-1.8175,LOW EXCEPTION
Axis Consumption Fund Reg(G),EQ-CONS,Shreyash Devalkar,-1.8199999999999996,LOW EXCEPTION
PGIM India Multi Cap Fund Reg(G),EQ-MLC,Sharma Vivek,-1.82,LOW EXCEPTION
Bandhan Nifty 500 Momentum 50 Index Fund Reg(G),EQ-INDX,Nemish Sheth,-1.83,LOW EXCEPTION
Mirae Asset Nifty200 Alpha 30 ETF FoF Reg(G),FOF-DOM,Ekta Gala,-1.9679999999999995,LOW EXCEPTION
Mirae Asset Gold ETF FoF Reg(G),GOLD-ETF,Ritesh Patel,-1.975,LOW EXCEPTION
Groww Gold ETF,GOLD-ETF,Wilfred Gonsalves,-2.035,LOW EXCEPTION
UTI Nifty Private Bank Index Fund Reg(G),EQ-INDX,Sharwan Kumar Goyal,-2.27,LOW EXCEPTION
Nippon India Nifty 500 Equal Weight Index Fund Reg(G),EQ-INDX,Himanshu Mange,-2.3666666666666667,LOW EXCEPTION
Mirae Asset Nifty EV and New Age Automotive ETF,EQ-ETF,Ekta Gala,-2.454,LOW EXCEPTION
HSBC Brazil Fund(G),FOF-OVR,Sonal Gupta,-2.4579999999999997,LOW EXCEPTION
Baroda BNP Paribas Nifty200 Momentum 30 Index Fund Reg(G),EQ-INDX,Neeraj Saxena,-2.565,LOW EXCEPTION
ICICI Pru Nifty200 Value 30 ETF,EQ-ETF,Nishit Patel,-2.575,LOW EXCEPTION
ICICI Pru Nifty200 Value 30 Index Fund Reg(G),EQ-INDX,Nishit Patel,-2.645,LOW EXCEPTION
Baroda BNP Paribas Dividend Yield Fund Reg(G),EQ-DIV,Shiv Chanani,-2.706666666666667,LOW EXCEPTION
Tata Nifty200 Alpha 30 Index Fund Reg(G),EQ-INDX,Kapil Menon,-2.8533333333333335,LOW EXCEPTION
Axis Nifty500 Value 50 Index Fund Reg(G),EQ-INDX,Karthik Kumar,-3.065,LOW EXCEPTION
Bandhan Nifty 500 Value 50 Index Fund Reg(G),EQ-INDX,Nemish Sheth,-3.085,LOW EXCEPTION
Motilal Oswal Nifty India Defence Index Fund Reg(G),EQ-INDX,Swapnil P Mayekar,-3.1439999999999997,LOW EXCEPTION
Groww Nifty EV & New Age Automotive ETF,EQ-ETF,Abhishek Jain,-3.15,LOW EXCEPTION
Groww Nifty EV & New Age Automotive ETF FOF Reg(G),FOF-DOM,Abhishek Jain,-3.1975,LOW EXCEPTION
Kotak BSE PSU Index Fund Reg(G),EQ-INDX,Devender Singhal,-3.5799999999999996,LOW EXCEPTION
Mirae Asset Nifty Metal ETF,EQ-ETF,Ekta Gala,-3.58,LOW EXCEPTION
Motilal Oswal Nifty 500 Momentum 50 ETF,EQ-ETF,Swapnil P Mayekar,-3.646666666666667,LOW EXCEPTION
Motilal Oswal Nifty 500 Momentum 50 Index Fund Reg(G),EQ-INDX,Swapnil P Mayekar,-3.646666666666667,LOW EXCEPTION
Nippon India Nifty 500 Momentum 50 Index Fund Reg(G),EQ-INDX,Himanshu Mange,-3.6733333333333333,LOW EXCEPTION
UTI Nifty200 Quality 30 Index Fund Reg(G),EQ-INDX,Sharwan Kumar Goyal,-3.696666666666667,LOW EXCEPTION
ICICI Pru Nifty Oil & Gas ETF,EQ-ETF,Nishit Patel,-3.9400000000000004,LOW EXCEPTION
